song_id,segment_id,transformation,metric,metric_parameters,value
007,01,interval_modification,edit_distance,{},0.740741
007,01,interval_modification,interval_ngram_similarity,"{""n"": 2}",0.405405
007,01,interval_modification,longest_common_subsequence,{},0.777778
007,01,ornamentation,edit_distance,{},0.718750
007,01,ornamentation,interval_ngram_similarity,"{""n"": 2}",0.461538
007,01,ornamentation,longest_common_subsequence,{},0.718750
007,01,simplification,edit_distance,{},0.629630
007,01,simplification,interval_ngram_similarity,"{""n"": 2}",0.363636
007,01,simplification,longest_common_subsequence,{},0.629630
007,01,transpose,edit_distance,{},1.000000
007,01,transpose,interval_ngram_similarity,"{""n"": 2}",1.000000
007,01,transpose,longest_common_subsequence,{},1.000000
007,02,interval_modification,edit_distance,{},0.750000
007,02,interval_modification,interval_ngram_similarity,"{""n"": 2}",0.372549
007,02,interval_modification,longest_common_subsequence,{},0.750000
007,02,ornamentation,edit_distance,{},0.674419
007,02,ornamentation,interval_ngram_similarity,"{""n"": 2}",0.425926
007,02,ornamentation,longest_common_subsequence,{},0.674419
007,02,simplification,edit_distance,{},0.555556
007,02,simplification,interval_ngram_similarity,"{""n"": 2}",0.326087
007,02,simplification,longest_common_subsequence,{},0.583333
007,02,transpose,edit_distance,{},1.000000
007,02,transpose,interval_ngram_similarity,"{""n"": 2}",1.000000
007,02,transpose,longest_common_subsequence,{},1.000000
026,01,interval_modification,edit_distance,{},0.750000
026,01,interval_modification,interval_ngram_similarity,"{""n"": 2}",0.428571
026,01,interval_modification,longest_common_subsequence,{},0.750000
026,01,ornamentation,edit_distance,{},0.684211
026,01,ornamentation,interval_ngram_similarity,"{""n"": 2}",0.434783
026,01,ornamentation,longest_common_subsequence,{},0.684211
026,01,simplification,edit_distance,{},0.562500
026,01,simplification,interval_ngram_similarity,"{""n"": 2}",0.300000
026,01,simplification,longest_common_subsequence,{},0.562500
026,01,transpose,edit_distance,{},1.000000
026,01,transpose,interval_ngram_similarity,"{""n"": 2}",1.000000
026,01,transpose,longest_common_subsequence,{},1.000000
026,02,interval_modification,edit_distance,{},0.750000
026,02,interval_modification,interval_ngram_similarity,"{""n"": 2}",0.500000
026,02,interval_modification,longest_common_subsequence,{},0.812500
026,02,ornamentation,edit_distance,{},0.736842
026,02,ornamentation,interval_ngram_similarity,"{""n"": 2}",0.500000
026,02,ornamentation,longest_common_subsequence,{},0.736842
026,02,simplification,edit_distance,{},0.562500
026,02,simplification,interval_ngram_similarity,"{""n"": 2}",0.300000
026,02,simplification,longest_common_subsequence,{},0.562500
026,02,transpose,edit_distance,{},1.000000
026,02,transpose,interval_ngram_similarity,"{""n"": 2}",1.000000
026,02,transpose,longest_common_subsequence,{},1.000000
028,01,interval_modification,edit_distance,{},0.727273
028,01,interval_modification,interval_ngram_similarity,"{""n"": 2}",0.354839
028,01,interval_modification,longest_common_subsequence,{},0.727273
028,01,ornamentation,edit_distance,{},0.730769
028,01,ornamentation,interval_ngram_similarity,"{""n"": 2}",0.483871
028,01,ornamentation,longest_common_subsequence,{},0.730769
028,01,simplification,edit_distance,{},0.545455
028,01,simplification,interval_ngram_similarity,"{""n"": 2}",0.285714
028,01,simplification,longest_common_subsequence,{},0.545455
028,01,transpose,edit_distance,{},1.000000
028,01,transpose,interval_ngram_similarity,"{""n"": 2}",1.000000
028,01,transpose,longest_common_subsequence,{},1.000000
028,02,interval_modification,edit_distance,{},0.760000
028,02,interval_modification,interval_ngram_similarity,"{""n"": 2}",0.454545
028,02,interval_modification,longest_common_subsequence,{},0.760000
028,02,ornamentation,edit_distance,{},0.733333
028,02,ornamentation,interval_ngram_similarity,"{""n"": 2}",0.472222
028,02,ornamentation,longest_common_subsequence,{},0.733333
028,02,simplification,edit_distance,{},0.680000
028,02,simplification,interval_ngram_similarity,"{""n"": 2}",0.448276
028,02,simplification,longest_common_subsequence,{},0.680000
028,02,transpose,edit_distance,{},1.000000
028,02,transpose,interval_ngram_similarity,"{""n"": 2}",1.000000
028,02,transpose,longest_common_subsequence,{},1.000000
031,01,interval_modification,edit_distance,{},0.769231
031,01,interval_modification,interval_ngram_similarity,"{""n"": 2}",0.500000
031,01,interval_modification,longest_common_subsequence,{},0.769231
031,01,ornamentation,edit_distance,{},0.625000
031,01,ornamentation,interval_ngram_similarity,"{""n"": 2}",0.421053
031,01,ornamentation,longest_common_subsequence,{},0.625000
031,01,simplification,edit_distance,{},0.461538
031,01,simplification,interval_ngram_similarity,"{""n"": 2}",0.250000
031,01,simplification,longest_common_subsequence,{},0.538462
031,01,transpose,edit_distance,{},1.000000
031,01,transpose,interval_ngram_similarity,"{""n"": 2}",1.000000
031,01,transpose,longest_common_subsequence,{},1.000000
031,02,interval_modification,edit_distance,{},0.714286
031,02,interval_modification,interval_ngram_similarity,"{""n"": 2}",0.368421
031,02,interval_modification,longest_common_subsequence,{},0.714286
031,02,ornamentation,edit_distance,{},0.705882
031,02,ornamentation,interval_ngram_similarity,"{""n"": 2}",0.526316
031,02,ornamentation,longest_common_subsequence,{},0.705882
031,02,simplification,edit_distance,{},0.714286
031,02,simplification,interval_ngram_similarity,"{""n"": 2}",0.466667
031,02,simplification,longest_common_subsequence,{},0.714286
031,02,transpose,edit_distance,{},1.000000
031,02,transpose,interval_ngram_similarity,"{""n"": 2}",1.000000
031,02,transpose,longest_common_subsequence,{},1.000000
033,01,interval_modification,edit_distance,{},1.000000
033,01,interval_modification,interval_ngram_similarity,"{""n"": 2}",1.000000
033,01,interval_modification,longest_common_subsequence,{},1.000000
033,01,ornamentation,edit_distance,{},1.000000
033,01,ornamentation,interval_ngram_similarity,"{""n"": 2}",1.000000
033,01,ornamentation,longest_common_subsequence,{},1.000000
033,01,simplification,edit_distance,{},1.000000
033,01,simplification,interval_ngram_similarity,"{""n"": 2}",1.000000
033,01,simplification,longest_common_subsequence,{},1.000000
033,01,transpose,edit_distance,{},1.000000
033,01,transpose,interval_ngram_similarity,"{""n"": 2}",1.000000
033,01,transpose,longest_common_subsequence,{},1.000000
033,02,interval_modification,edit_distance,{},0.736842
033,02,interval_modification,interval_ngram_similarity,"{""n"": 2}",0.440000
033,02,interval_modification,longest_common_subsequence,{},0.736842
033,02,ornamentation,edit_distance,{},0.695652
033,02,ornamentation,interval_ngram_similarity,"{""n"": 2}",0.481481
033,02,ornamentation,longest_common_subsequence,{},0.695652
033,02,simplification,edit_distance,{},0.684211
033,02,simplification,interval_ngram_similarity,"{""n"": 2}",0.550000
033,02,simplification,longest_common_subsequence,{},0.684211
033,02,transpose,edit_distance,{},1.000000
033,02,transpose,interval_ngram_similarity,"{""n"": 2}",1.000000
033,02,transpose,longest_common_subsequence,{},1.000000
045,01,interval_modification,edit_distance,{},0.769231
045,01,interval_modification,interval_ngram_similarity,"{""n"": 2}",0.470588
045,01,interval_modification,longest_common_subsequence,{},0.769231
045,01,ornamentation,edit_distance,{},0.709677
045,01,ornamentation,interval_ngram_similarity,"{""n"": 2}",0.486486
045,01,ornamentation,longest_common_subsequence,{},0.709677
045,01,simplification,edit_distance,{},0.576923
045,01,simplification,interval_ngram_similarity,"{""n"": 2}",0.303030
045,01,simplification,longest_common_subsequence,{},0.576923
045,01,transpose,edit_distance,{},1.000000
045,01,transpose,interval_ngram_similarity,"{""n"": 2}",1.000000
045,01,transpose,longest_common_subsequence,{},1.000000
045,02,interval_modification,edit_distance,{},0.750000
045,02,interval_modification,interval_ngram_similarity,"{""n"": 2}",0.407407
045,02,interval_modification,longest_common_subsequence,{},0.750000
045,02,ornamentation,edit_distance,{},0.708333
045,02,ornamentation,interval_ngram_similarity,"{""n"": 2}",0.448276
045,02,ornamentation,longest_common_subsequence,{},0.708333
045,02,simplification,edit_distance,{},0.600000
045,02,simplification,interval_ngram_similarity,"{""n"": 2}",0.375000
045,02,simplification,longest_common_subsequence,{},0.600000
045,02,transpose,edit_distance,{},1.000000
045,02,transpose,interval_ngram_similarity,"{""n"": 2}",1.000000
045,02,transpose,longest_common_subsequence,{},1.000000
047,01,interval_modification,edit_distance,{},0.750000
047,01,interval_modification,interval_ngram_similarity,"{""n"": 2}",0.437500
047,01,interval_modification,longest_common_subsequence,{},0.750000
047,01,ornamentation,edit_distance,{},0.655172
047,01,ornamentation,interval_ngram_similarity,"{""n"": 2}",0.416667
047,01,ornamentation,longest_common_subsequence,{},0.655172
047,01,simplification,edit_distance,{},0.541667
047,01,simplification,interval_ngram_similarity,"{""n"": 2}",0.290323
047,01,simplification,longest_common_subsequence,{},0.541667
047,01,transpose,edit_distance,{},1.000000
047,01,transpose,interval_ngram_similarity,"{""n"": 2}",1.000000
047,01,transpose,longest_common_subsequence,{},1.000000
047,02,interval_modification,edit_distance,{},0.736842
047,02,interval_modification,interval_ngram_similarity,"{""n"": 2}",0.440000
047,02,interval_modification,longest_common_subsequence,{},0.736842
047,02,ornamentation,edit_distance,{},0.695652
047,02,ornamentation,interval_ngram_similarity,"{""n"": 2}",0.481481
047,02,ornamentation,longest_common_subsequence,{},0.695652
047,02,simplification,edit_distance,{},0.473684
047,02,simplification,interval_ngram_similarity,"{""n"": 2}",0.148148
047,02,simplification,longest_common_subsequence,{},0.473684
047,02,transpose,edit_distance,{},1.000000
047,02,transpose,interval_ngram_similarity,"{""n"": 2}",1.000000
047,02,transpose,longest_common_subsequence,{},1.000000
072,01,interval_modification,edit_distance,{},0.736842
072,01,interval_modification,interval_ngram_similarity,"{""n"": 2}",0.440000
072,01,interval_modification,longest_common_subsequence,{},0.736842
072,01,ornamentation,edit_distance,{},0.695652
072,01,ornamentation,interval_ngram_similarity,"{""n"": 2}",0.481481
072,01,ornamentation,longest_common_subsequence,{},0.695652
072,01,simplification,edit_distance,{},0.578947
072,01,simplification,interval_ngram_similarity,"{""n"": 2}",0.347826
072,01,simplification,longest_common_subsequence,{},0.578947
072,01,transpose,edit_distance,{},1.000000
072,01,transpose,interval_ngram_similarity,"{""n"": 2}",1.000000
072,01,transpose,longest_common_subsequence,{},1.000000
072,02,interval_modification,edit_distance,{},0.761905
072,02,interval_modification,interval_ngram_similarity,"{""n"": 2}",0.481481
072,02,interval_modification,longest_common_subsequence,{},0.761905
072,02,ornamentation,edit_distance,{},0.720000
072,02,ornamentation,interval_ngram_similarity,"{""n"": 2}",0.466667
072,02,ornamentation,longest_common_subsequence,{},0.720000
072,02,simplification,edit_distance,{},0.571429
072,02,simplification,interval_ngram_similarity,"{""n"": 2}",0.307692
072,02,simplification,longest_common_subsequence,{},0.571429
072,02,transpose,edit_distance,{},1.000000
072,02,transpose,interval_ngram_similarity,"{""n"": 2}",1.000000
072,02,transpose,longest_common_subsequence,{},1.000000
074,01,interval_modification,edit_distance,{},0.740741
074,01,interval_modification,interval_ngram_similarity,"{""n"": 2}",0.405405
074,01,interval_modification,longest_common_subsequence,{},0.740741
074,01,ornamentation,edit_distance,{},0.718750
074,01,ornamentation,interval_ngram_similarity,"{""n"": 2}",0.461538
074,01,ornamentation,longest_common_subsequence,{},0.718750
074,01,simplification,edit_distance,{},0.592593
074,01,simplification,interval_ngram_similarity,"{""n"": 2}",0.363636
074,01,simplification,longest_common_subsequence,{},0.592593
074,01,transpose,edit_distance,{},1.000000
074,01,transpose,interval_ngram_similarity,"{""n"": 2}",1.000000
074,01,transpose,longest_common_subsequence,{},1.000000
074,02,interval_modification,edit_distance,{},0.750000
074,02,interval_modification,interval_ngram_similarity,"{""n"": 2}",0.459459
074,02,interval_modification,longest_common_subsequence,{},0.750000
074,02,ornamentation,edit_distance,{},0.764706
074,02,ornamentation,interval_ngram_similarity,"{""n"": 2}",0.621622
074,02,ornamentation,longest_common_subsequence,{},0.764706
074,02,simplification,edit_distance,{},0.642857
074,02,simplification,interval_ngram_similarity,"{""n"": 2}",0.305556
074,02,simplification,longest_common_subsequence,{},0.642857
074,02,transpose,edit_distance,{},1.000000
074,02,transpose,interval_ngram_similarity,"{""n"": 2}",1.000000
074,02,transpose,longest_common_subsequence,{},1.000000
081,01,interval_modification,edit_distance,{},0.727273
081,01,interval_modification,interval_ngram_similarity,"{""n"": 2}",0.354839
081,01,interval_modification,longest_common_subsequence,{},0.727273
081,01,ornamentation,edit_distance,{},0.769231
081,01,ornamentation,interval_ngram_similarity,"{""n"": 2}",0.483871
081,01,ornamentation,longest_common_subsequence,{},0.769231
081,01,simplification,edit_distance,{},0.590909
081,01,simplification,interval_ngram_similarity,"{""n"": 2}",0.333333
081,01,simplification,longest_common_subsequence,{},0.590909
081,01,transpose,edit_distance,{},1.000000
081,01,transpose,interval_ngram_similarity,"{""n"": 2}",1.000000
081,01,transpose,longest_common_subsequence,{},1.000000
081,02,interval_modification,edit_distance,{},0.760000
081,02,interval_modification,interval_ngram_similarity,"{""n"": 2}",0.454545
081,02,interval_modification,longest_common_subsequence,{},0.760000
081,02,ornamentation,edit_distance,{},0.700000
081,02,ornamentation,interval_ngram_similarity,"{""n"": 2}",0.432432
081,02,ornamentation,longest_common_subsequence,{},0.700000
081,02,simplification,edit_distance,{},0.720000
081,02,simplification,interval_ngram_similarity,"{""n"": 2}",0.500000
081,02,simplification,longest_common_subsequence,{},0.720000
081,02,transpose,edit_distance,{},1.000000
081,02,transpose,interval_ngram_similarity,"{""n"": 2}",1.000000
081,02,transpose,longest_common_subsequence,{},1.000000
082,01,interval_modification,edit_distance,{},0.739130
082,01,interval_modification,interval_ngram_similarity,"{""n"": 2}",0.375000
082,01,interval_modification,longest_common_subsequence,{},0.739130
082,01,ornamentation,edit_distance,{},0.714286
082,01,ornamentation,interval_ngram_similarity,"{""n"": 2}",0.484848
082,01,ornamentation,longest_common_subsequence,{},0.714286
082,01,simplification,edit_distance,{},0.608696
082,01,simplification,interval_ngram_similarity,"{""n"": 2}",0.407407
082,01,simplification,longest_common_subsequence,{},0.608696
082,01,transpose,edit_distance,{},1.000000
082,01,transpose,interval_ngram_similarity,"{""n"": 2}",1.000000
082,01,transpose,longest_common_subsequence,{},1.000000
082,02,interval_modification,edit_distance,{},0.760000
082,02,interval_modification,interval_ngram_similarity,"{""n"": 2}",0.500000
082,02,interval_modification,longest_common_subsequence,{},0.760000
082,02,ornamentation,edit_distance,{},0.700000
082,02,ornamentation,interval_ngram_similarity,"{""n"": 2}",0.432432
082,02,ornamentation,longest_common_subsequence,{},0.700000
082,02,simplification,edit_distance,{},0.640000
082,02,simplification,interval_ngram_similarity,"{""n"": 2}",0.400000
082,02,simplification,longest_common_subsequence,{},0.640000
082,02,transpose,edit_distance,{},1.000000
082,02,transpose,interval_ngram_similarity,"{""n"": 2}",1.000000
082,02,transpose,longest_common_subsequence,{},1.000000
090,01,interval_modification,edit_distance,{},0.714286
090,01,interval_modification,interval_ngram_similarity,"{""n"": 2}",0.368421
090,01,interval_modification,longest_common_subsequence,{},0.714286
090,01,ornamentation,edit_distance,{},0.647059
090,01,ornamentation,interval_ngram_similarity,"{""n"": 2}",0.450000
090,01,ornamentation,longest_common_subsequence,{},0.647059
090,01,simplification,edit_distance,{},0.714286
090,01,simplification,interval_ngram_similarity,"{""n"": 2}",0.466667
090,01,simplification,longest_common_subsequence,{},0.714286
090,01,transpose,edit_distance,{},1.000000
090,01,transpose,interval_ngram_similarity,"{""n"": 2}",1.000000
090,01,transpose,longest_common_subsequence,{},1.000000
090,02,interval_modification,edit_distance,{},0.750000
090,02,interval_modification,interval_ngram_similarity,"{""n"": 2}",0.428571
090,02,interval_modification,longest_common_subsequence,{},0.750000
090,02,ornamentation,edit_distance,{},0.736842
090,02,ornamentation,interval_ngram_similarity,"{""n"": 2}",0.500000
090,02,ornamentation,longest_common_subsequence,{},0.736842
090,02,simplification,edit_distance,{},0.562500
090,02,simplification,interval_ngram_similarity,"{""n"": 2}",0.300000
090,02,simplification,longest_common_subsequence,{},0.562500
090,02,transpose,edit_distance,{},1.000000
090,02,transpose,interval_ngram_similarity,"{""n"": 2}",1.000000
090,02,transpose,longest_common_subsequence,{},1.000000
095,01,interval_modification,edit_distance,{},0.727273
095,01,interval_modification,interval_ngram_similarity,"{""n"": 2}",0.354839
095,01,interval_modification,longest_common_subsequence,{},0.727273
095,01,ornamentation,edit_distance,{},0.730769
095,01,ornamentation,interval_ngram_similarity,"{""n"": 2}",0.483871
095,01,ornamentation,longest_common_subsequence,{},0.730769
095,01,simplification,edit_distance,{},0.545455
095,01,simplification,interval_ngram_similarity,"{""n"": 2}",0.241379
095,01,simplification,longest_common_subsequence,{},0.545455
095,01,transpose,edit_distance,{},1.000000
095,01,transpose,interval_ngram_similarity,"{""n"": 2}",1.000000
095,01,transpose,longest_common_subsequence,{},1.000000
095,02,interval_modification,edit_distance,{},0.750000
095,02,interval_modification,interval_ngram_similarity,"{""n"": 2}",0.421053
095,02,interval_modification,longest_common_subsequence,{},0.750000
095,02,ornamentation,edit_distance,{},0.647059
095,02,ornamentation,interval_ngram_similarity,"{""n"": 2}",0.395349
095,02,ornamentation,longest_common_subsequence,{},0.647059
095,02,simplification,edit_distance,{},0.607143
095,02,simplification,interval_ngram_similarity,"{""n"": 2}",0.305556
095,02,simplification,longest_common_subsequence,{},0.607143
095,02,transpose,edit_distance,{},1.000000
095,02,transpose,interval_ngram_similarity,"{""n"": 2}",1.000000
095,02,transpose,longest_common_subsequence,{},1.000000
096,01,interval_modification,edit_distance,{},0.750000
096,01,interval_modification,interval_ngram_similarity,"{""n"": 2}",0.428571
096,01,interval_modification,longest_common_subsequence,{},0.750000
096,01,ornamentation,edit_distance,{},0.842105
096,01,ornamentation,interval_ngram_similarity,"{""n"": 2}",0.650000
096,01,ornamentation,longest_common_subsequence,{},0.842105
096,01,simplification,edit_distance,{},0.625000
096,01,simplification,interval_ngram_similarity,"{""n"": 2}",0.444444
096,01,simplification,longest_common_subsequence,{},0.625000
096,01,transpose,edit_distance,{},1.000000
096,01,transpose,interval_ngram_similarity,"{""n"": 2}",1.000000
096,01,transpose,longest_common_subsequence,{},1.000000
096,02,interval_modification,edit_distance,{},0.761905
096,02,interval_modification,interval_ngram_similarity,"{""n"": 2}",0.538462
096,02,interval_modification,longest_common_subsequence,{},0.761905
096,02,ornamentation,edit_distance,{},0.720000
096,02,ornamentation,interval_ngram_similarity,"{""n"": 2}",0.571429
096,02,ornamentation,longest_common_subsequence,{},0.720000
096,02,simplification,edit_distance,{},0.571429
096,02,simplification,interval_ngram_similarity,"{""n"": 2}",0.416667
096,02,simplification,longest_common_subsequence,{},0.571429
096,02,transpose,edit_distance,{},1.000000
096,02,transpose,interval_ngram_similarity,"{""n"": 2}",1.000000
096,02,transpose,longest_common_subsequence,{},1.000000
100,01,interval_modification,edit_distance,{},0.750000
100,01,interval_modification,interval_ngram_similarity,"{""n"": 2}",0.407407
100,01,interval_modification,longest_common_subsequence,{},0.750000
100,01,ornamentation,edit_distance,{},0.666667
100,01,ornamentation,interval_ngram_similarity,"{""n"": 2}",0.448276
100,01,ornamentation,longest_common_subsequence,{},0.666667
100,01,simplification,edit_distance,{},0.650000
100,01,simplification,interval_ngram_similarity,"{""n"": 2}",0.571429
100,01,simplification,longest_common_subsequence,{},0.650000
100,01,transpose,edit_distance,{},1.000000
100,01,transpose,interval_ngram_similarity,"{""n"": 2}",1.000000
100,01,transpose,longest_common_subsequence,{},1.000000
100,02,interval_modification,edit_distance,{},0.764706
100,02,interval_modification,interval_ngram_similarity,"{""n"": 2}",0.454545
100,02,interval_modification,longest_common_subsequence,{},0.764706
100,02,ornamentation,edit_distance,{},0.700000
100,02,ornamentation,interval_ngram_similarity,"{""n"": 2}",0.458333
100,02,ornamentation,longest_common_subsequence,{},0.700000
100,02,simplification,edit_distance,{},0.647059
100,02,simplification,interval_ngram_similarity,"{""n"": 2}",0.400000
100,02,simplification,longest_common_subsequence,{},0.647059
100,02,transpose,edit_distance,{},1.000000
100,02,transpose,interval_ngram_similarity,"{""n"": 2}",1.000000
100,02,transpose,longest_common_subsequence,{},1.000000
104,01,interval_modification,edit_distance,{},0.739130
104,01,interval_modification,interval_ngram_similarity,"{""n"": 2}",0.375000
104,01,interval_modification,longest_common_subsequence,{},0.739130
104,01,ornamentation,edit_distance,{},0.785714
104,01,ornamentation,interval_ngram_similarity,"{""n"": 2}",0.689655
104,01,ornamentation,longest_common_subsequence,{},0.785714
104,01,simplification,edit_distance,{},0.608696
104,01,simplification,interval_ngram_similarity,"{""n"": 2}",0.407407
104,01,simplification,longest_common_subsequence,{},0.608696
104,01,transpose,edit_distance,{},1.000000
104,01,transpose,interval_ngram_similarity,"{""n"": 2}",1.000000
104,01,transpose,longest_common_subsequence,{},1.000000
104,02,interval_modification,edit_distance,{},0.739130
104,02,interval_modification,interval_ngram_similarity,"{""n"": 2}",0.375000
104,02,interval_modification,longest_common_subsequence,{},0.739130
104,02,ornamentation,edit_distance,{},0.714286
104,02,ornamentation,interval_ngram_similarity,"{""n"": 2}",0.441176
104,02,ornamentation,longest_common_subsequence,{},0.714286
104,02,simplification,edit_distance,{},0.608696
104,02,simplification,interval_ngram_similarity,"{""n"": 2}",0.407407
104,02,simplification,longest_common_subsequence,{},0.608696
104,02,transpose,edit_distance,{},1.000000
104,02,transpose,interval_ngram_similarity,"{""n"": 2}",1.000000
104,02,transpose,longest_common_subsequence,{},1.000000
105,01,interval_modification,edit_distance,{},0.736842
105,01,interval_modification,interval_ngram_similarity,"{""n"": 2}",0.440000
105,01,interval_modification,longest_common_subsequence,{},0.736842
105,01,ornamentation,edit_distance,{},0.739130
105,01,ornamentation,interval_ngram_similarity,"{""n"": 2}",0.538462
105,01,ornamentation,longest_common_subsequence,{},0.739130
105,01,simplification,edit_distance,{},0.684211
105,01,simplification,interval_ngram_similarity,"{""n"": 2}",0.550000
105,01,simplification,longest_common_subsequence,{},0.684211
105,01,transpose,edit_distance,{},1.000000
105,01,transpose,interval_ngram_similarity,"{""n"": 2}",1.000000
105,01,transpose,longest_common_subsequence,{},1.000000
105,02,interval_modification,edit_distance,{},0.714286
105,02,interval_modification,interval_ngram_similarity,"{""n"": 2}",0.368421
105,02,interval_modification,longest_common_subsequence,{},0.714286
105,02,ornamentation,edit_distance,{},0.705882
105,02,ornamentation,interval_ngram_similarity,"{""n"": 2}",0.526316
105,02,ornamentation,longest_common_subsequence,{},0.705882
105,02,simplification,edit_distance,{},0.500000
105,02,simplification,interval_ngram_similarity,"{""n"": 2}",0.157895
105,02,simplification,longest_common_subsequence,{},0.500000
105,02,transpose,edit_distance,{},1.000000
105,02,transpose,interval_ngram_similarity,"{""n"": 2}",1.000000
105,02,transpose,longest_common_subsequence,{},1.000000
115,01,interval_modification,edit_distance,{},0.714286
115,01,interval_modification,interval_ngram_similarity,"{""n"": 2}",0.444444
115,01,interval_modification,longest_common_subsequence,{},0.714286
115,01,ornamentation,edit_distance,{},0.705882
115,01,ornamentation,interval_ngram_similarity,"{""n"": 2}",0.526316
115,01,ornamentation,longest_common_subsequence,{},0.705882
115,01,simplification,edit_distance,{},0.642857
115,01,simplification,interval_ngram_similarity,"{""n"": 2}",0.466667
115,01,simplification,longest_common_subsequence,{},0.642857
115,01,transpose,edit_distance,{},1.000000
115,01,transpose,interval_ngram_similarity,"{""n"": 2}",1.000000
115,01,transpose,longest_common_subsequence,{},1.000000
115,02,interval_modification,edit_distance,{},0.760000
115,02,interval_modification,interval_ngram_similarity,"{""n"": 2}",0.454545
115,02,interval_modification,longest_common_subsequence,{},0.760000
115,02,ornamentation,edit_distance,{},0.700000
115,02,ornamentation,interval_ngram_similarity,"{""n"": 2}",0.432432
115,02,ornamentation,longest_common_subsequence,{},0.700000
115,02,simplification,edit_distance,{},0.640000
115,02,simplification,interval_ngram_similarity,"{""n"": 2}",0.400000
115,02,simplification,longest_common_subsequence,{},0.640000
115,02,transpose,edit_distance,{},1.000000
115,02,transpose,interval_ngram_similarity,"{""n"": 2}",1.000000
115,02,transpose,longest_common_subsequence,{},1.000000
128,01,interval_modification,edit_distance,{},0.739130
128,01,interval_modification,interval_ngram_similarity,"{""n"": 2}",0.375000
128,01,interval_modification,longest_common_subsequence,{},0.739130
128,01,ornamentation,edit_distance,{},0.750000
128,01,ornamentation,interval_ngram_similarity,"{""n"": 2}",0.531250
128,01,ornamentation,longest_common_subsequence,{},0.750000
128,01,simplification,edit_distance,{},0.695652
128,01,simplification,interval_ngram_similarity,"{""n"": 2}",0.520000
128,01,simplification,longest_common_subsequence,{},0.695652
128,01,transpose,edit_distance,{},1.000000
128,01,transpose,interval_ngram_similarity,"{""n"": 2}",1.000000
128,01,transpose,longest_common_subsequence,{},1.000000
128,02,interval_modification,edit_distance,{},0.750000
128,02,interval_modification,interval_ngram_similarity,"{""n"": 2}",0.483871
128,02,interval_modification,longest_common_subsequence,{},0.750000
128,02,ornamentation,edit_distance,{},0.724138
128,02,ornamentation,interval_ngram_similarity,"{""n"": 2}",0.545455
128,02,ornamentation,longest_common_subsequence,{},0.724138
128,02,simplification,edit_distance,{},0.625000
128,02,simplification,interval_ngram_similarity,"{""n"": 2}",0.428571
128,02,simplification,longest_common_subsequence,{},0.625000
128,02,transpose,edit_distance,{},1.000000
128,02,transpose,interval_ngram_similarity,"{""n"": 2}",1.000000
128,02,transpose,longest_common_subsequence,{},1.000000
143,01,interval_modification,edit_distance,{},0.666667
143,01,interval_modification,interval_ngram_similarity,"{""n"": 2}",0.428571
143,01,interval_modification,longest_common_subsequence,{},0.666667
143,01,ornamentation,edit_distance,{},0.714286
143,01,ornamentation,interval_ngram_similarity,"{""n"": 2}",0.571429
143,01,ornamentation,longest_common_subsequence,{},0.714286
143,01,simplification,edit_distance,{},0.333333
143,01,simplification,interval_ngram_similarity,"{""n"": 2}",0.000000
143,01,simplification,longest_common_subsequence,{},0.333333
143,01,transpose,edit_distance,{},1.000000
143,01,transpose,interval_ngram_similarity,"{""n"": 2}",1.000000
143,01,transpose,longest_common_subsequence,{},1.000000
143,02,interval_modification,edit_distance,{},0.714286
143,02,interval_modification,interval_ngram_similarity,"{""n"": 2}",0.368421
143,02,interval_modification,longest_common_subsequence,{},0.714286
143,02,ornamentation,edit_distance,{},0.705882
143,02,ornamentation,interval_ngram_similarity,"{""n"": 2}",0.450000
143,02,ornamentation,longest_common_subsequence,{},0.705882
143,02,simplification,edit_distance,{},0.571429
143,02,simplification,interval_ngram_similarity,"{""n"": 2}",0.294118
143,02,simplification,longest_common_subsequence,{},0.571429
143,02,transpose,edit_distance,{},1.000000
143,02,transpose,interval_ngram_similarity,"{""n"": 2}",1.000000
143,02,transpose,longest_common_subsequence,{},1.000000
160,01,interval_modification,edit_distance,{},0.714286
160,01,interval_modification,interval_ngram_similarity,"{""n"": 2}",0.368421
160,01,interval_modification,longest_common_subsequence,{},0.714286
160,01,ornamentation,edit_distance,{},0.705882
160,01,ornamentation,interval_ngram_similarity,"{""n"": 2}",0.526316
160,01,ornamentation,longest_common_subsequence,{},0.705882
160,01,simplification,edit_distance,{},0.642857
160,01,simplification,interval_ngram_similarity,"{""n"": 2}",0.375000
160,01,simplification,longest_common_subsequence,{},0.642857
160,01,transpose,edit_distance,{},1.000000
160,01,transpose,interval_ngram_similarity,"{""n"": 2}",1.000000
160,01,transpose,longest_common_subsequence,{},1.000000
160,02,interval_modification,edit_distance,{},0.750000
160,02,interval_modification,interval_ngram_similarity,"{""n"": 2}",0.428571
160,02,interval_modification,longest_common_subsequence,{},0.750000
160,02,ornamentation,edit_distance,{},0.736842
160,02,ornamentation,interval_ngram_similarity,"{""n"": 2}",0.434783
160,02,ornamentation,longest_common_subsequence,{},0.736842
160,02,simplification,edit_distance,{},0.687500
160,02,simplification,interval_ngram_similarity,"{""n"": 2}",0.444444
160,02,simplification,longest_common_subsequence,{},0.687500
160,02,transpose,edit_distance,{},1.000000
160,02,transpose,interval_ngram_similarity,"{""n"": 2}",1.000000
160,02,transpose,longest_common_subsequence,{},1.000000
164,01,interval_modification,edit_distance,{},0.733333
164,01,interval_modification,interval_ngram_similarity,"{""n"": 2}",0.414634
164,01,interval_modification,longest_common_subsequence,{},0.733333
164,01,ornamentation,edit_distance,{},0.666667
164,01,ornamentation,interval_ngram_similarity,"{""n"": 2}",0.422222
164,01,ornamentation,longest_common_subsequence,{},0.666667
164,01,simplification,edit_distance,{},0.466667
164,01,simplification,interval_ngram_similarity,"{""n"": 2}",0.162791
164,01,simplification,longest_common_subsequence,{},0.500000
164,01,transpose,edit_distance,{},1.000000
164,01,transpose,interval_ngram_similarity,"{""n"": 2}",1.000000
164,01,transpose,longest_common_subsequence,{},1.000000
164,02,interval_modification,edit_distance,{},0.758621
164,02,interval_modification,interval_ngram_similarity,"{""n"": 2}",0.435897
164,02,interval_modification,longest_common_subsequence,{},0.758621
164,02,ornamentation,edit_distance,{},0.657143
164,02,ornamentation,interval_ngram_similarity,"{""n"": 2}",0.409091
164,02,ornamentation,longest_common_subsequence,{},0.657143
164,02,simplification,edit_distance,{},0.620690
164,02,simplification,interval_ngram_similarity,"{""n"": 2}",0.411765
164,02,simplification,longest_common_subsequence,{},0.620690
164,02,transpose,edit_distance,{},1.000000
164,02,transpose,interval_ngram_similarity,"{""n"": 2}",1.000000
164,02,transpose,longest_common_subsequence,{},1.000000
167,01,interval_modification,edit_distance,{},0.761905
167,01,interval_modification,interval_ngram_similarity,"{""n"": 2}",0.481481
167,01,interval_modification,longest_common_subsequence,{},0.761905
167,01,ornamentation,edit_distance,{},0.720000
167,01,ornamentation,interval_ngram_similarity,"{""n"": 2}",0.517241
167,01,ornamentation,longest_common_subsequence,{},0.720000
167,01,simplification,edit_distance,{},0.476190
167,01,simplification,interval_ngram_similarity,"{""n"": 2}",0.172414
167,01,simplification,longest_common_subsequence,{},0.476190
167,01,transpose,edit_distance,{},1.000000
167,01,transpose,interval_ngram_similarity,"{""n"": 2}",1.000000
167,01,transpose,longest_common_subsequence,{},1.000000
167,02,interval_modification,edit_distance,{},0.727273
167,02,interval_modification,interval_ngram_similarity,"{""n"": 2}",0.354839
167,02,interval_modification,longest_common_subsequence,{},0.727273
167,02,ornamentation,edit_distance,{},0.730769
167,02,ornamentation,interval_ngram_similarity,"{""n"": 2}",0.483871
167,02,ornamentation,longest_common_subsequence,{},0.730769
167,02,simplification,edit_distance,{},0.590909
167,02,simplification,interval_ngram_similarity,"{""n"": 2}",0.333333
167,02,simplification,longest_common_subsequence,{},0.590909
167,02,transpose,edit_distance,{},1.000000
167,02,transpose,interval_ngram_similarity,"{""n"": 2}",1.000000
167,02,transpose,longest_common_subsequence,{},1.000000
176,01,interval_modification,edit_distance,{},0.733333
176,01,interval_modification,interval_ngram_similarity,"{""n"": 2}",0.473684
176,01,interval_modification,longest_common_subsequence,{},0.733333
176,01,ornamentation,edit_distance,{},0.722222
176,01,ornamentation,interval_ngram_similarity,"{""n"": 2}",0.550000
176,01,ornamentation,longest_common_subsequence,{},0.722222
176,01,simplification,edit_distance,{},0.666667
176,01,simplification,interval_ngram_similarity,"{""n"": 2}",0.333333
176,01,simplification,longest_common_subsequence,{},0.666667
176,01,transpose,edit_distance,{},1.000000
176,01,transpose,interval_ngram_similarity,"{""n"": 2}",1.000000
176,01,transpose,longest_common_subsequence,{},1.000000
176,02,interval_modification,edit_distance,{},0.750000
176,02,interval_modification,interval_ngram_similarity,"{""n"": 2}",0.466667
176,02,interval_modification,longest_common_subsequence,{},0.750000
176,02,ornamentation,edit_distance,{},0.785714
176,02,ornamentation,interval_ngram_similarity,"{""n"": 2}",0.500000
176,02,ornamentation,longest_common_subsequence,{},0.785714
176,02,simplification,edit_distance,{},0.583333
176,02,simplification,interval_ngram_similarity,"{""n"": 2}",0.357143
176,02,simplification,longest_common_subsequence,{},0.583333
176,02,transpose,edit_distance,{},1.000000
176,02,transpose,interval_ngram_similarity,"{""n"": 2}",1.000000
176,02,transpose,longest_common_subsequence,{},1.000000
197,01,interval_modification,edit_distance,{},0.750000
197,01,interval_modification,interval_ngram_similarity,"{""n"": 2}",0.409836
197,01,interval_modification,longest_common_subsequence,{},0.772727
197,01,ornamentation,edit_distance,{},0.716981
197,01,ornamentation,interval_ngram_similarity,"{""n"": 2}",0.461538
197,01,ornamentation,longest_common_subsequence,{},0.716981
197,01,simplification,edit_distance,{},0.704545
197,01,simplification,interval_ngram_similarity,"{""n"": 2}",0.595745
197,01,simplification,longest_common_subsequence,{},0.704545
197,01,transpose,edit_distance,{},1.000000
197,01,transpose,interval_ngram_similarity,"{""n"": 2}",1.000000
197,01,transpose,longest_common_subsequence,{},1.000000
197,02,interval_modification,edit_distance,{},0.754386
197,02,interval_modification,interval_ngram_similarity,"{""n"": 2}",0.400000
197,02,interval_modification,longest_common_subsequence,{},0.754386
197,02,ornamentation,edit_distance,{},0.720588
197,02,ornamentation,interval_ngram_similarity,"{""n"": 2}",0.464286
197,02,ornamentation,longest_common_subsequence,{},0.720588
197,02,simplification,edit_distance,{},0.719298
197,02,simplification,interval_ngram_similarity,"{""n"": 2}",0.580645
197,02,simplification,longest_common_subsequence,{},0.719298
197,02,transpose,edit_distance,{},1.000000
197,02,transpose,interval_ngram_similarity,"{""n"": 2}",1.000000
197,02,transpose,longest_common_subsequence,{},1.000000
204,01,interval_modification,edit_distance,{},0.757576
204,01,interval_modification,interval_ngram_similarity,"{""n"": 2}",0.444444
204,01,interval_modification,longest_common_subsequence,{},0.772727
204,01,ornamentation,edit_distance,{},0.721519
204,01,ornamentation,interval_ngram_similarity,"{""n"": 2}",0.521277
204,01,ornamentation,longest_common_subsequence,{},0.721519
204,01,simplification,edit_distance,{},0.575758
204,01,simplification,interval_ngram_similarity,"{""n"": 2}",0.361446
204,01,simplification,longest_common_subsequence,{},0.575758
204,01,transpose,edit_distance,{},1.000000
204,01,transpose,interval_ngram_similarity,"{""n"": 2}",1.000000
204,01,transpose,longest_common_subsequence,{},1.000000
204,02,interval_modification,edit_distance,{},0.757576
204,02,interval_modification,interval_ngram_similarity,"{""n"": 2}",0.477273
204,02,interval_modification,longest_common_subsequence,{},0.757576
204,02,ornamentation,edit_distance,{},0.696203
204,02,ornamentation,interval_ngram_similarity,"{""n"": 2}",0.489583
204,02,ornamentation,longest_common_subsequence,{},0.696203
204,02,simplification,edit_distance,{},0.636364
204,02,simplification,interval_ngram_similarity,"{""n"": 2}",0.395062
204,02,simplification,longest_common_subsequence,{},0.636364
204,02,transpose,edit_distance,{},1.000000
204,02,transpose,interval_ngram_similarity,"{""n"": 2}",1.000000
204,02,transpose,longest_common_subsequence,{},1.000000
215,01,interval_modification,edit_distance,{},0.744681
215,01,interval_modification,interval_ngram_similarity,"{""n"": 2}",0.437500
215,01,interval_modification,longest_common_subsequence,{},0.744681
215,01,ornamentation,edit_distance,{},0.732143
215,01,ornamentation,interval_ngram_similarity,"{""n"": 2}",0.463768
215,01,ornamentation,longest_common_subsequence,{},0.732143
215,01,simplification,edit_distance,{},0.659574
215,01,simplification,interval_ngram_similarity,"{""n"": 2}",0.454545
215,01,simplification,longest_common_subsequence,{},0.659574
215,01,transpose,edit_distance,{},1.000000
215,01,transpose,interval_ngram_similarity,"{""n"": 2}",1.000000
215,01,transpose,longest_common_subsequence,{},1.000000
215,02,interval_modification,edit_distance,{},0.740741
215,02,interval_modification,interval_ngram_similarity,"{""n"": 2}",0.394737
215,02,interval_modification,longest_common_subsequence,{},0.740741
215,02,ornamentation,edit_distance,{},0.707692
215,02,ornamentation,interval_ngram_similarity,"{""n"": 2}",0.444444
215,02,ornamentation,longest_common_subsequence,{},0.723077
215,02,simplification,edit_distance,{},0.611111
215,02,simplification,interval_ngram_similarity,"{""n"": 2}",0.437500
215,02,simplification,longest_common_subsequence,{},0.611111
215,02,transpose,edit_distance,{},1.000000
215,02,transpose,interval_ngram_similarity,"{""n"": 2}",1.000000
215,02,transpose,longest_common_subsequence,{},1.000000
221,01,interval_modification,edit_distance,{},0.750000
221,01,interval_modification,interval_ngram_similarity,"{""n"": 2}",0.421687
221,01,interval_modification,longest_common_subsequence,{},0.750000
221,01,ornamentation,edit_distance,{},0.680556
221,01,ornamentation,interval_ngram_similarity,"{""n"": 2}",0.428571
221,01,ornamentation,longest_common_subsequence,{},0.694444
221,01,simplification,edit_distance,{},0.583333
221,01,simplification,interval_ngram_similarity,"{""n"": 2}",0.355263
221,01,simplification,longest_common_subsequence,{},0.583333
221,01,transpose,edit_distance,{},1.000000
221,01,transpose,interval_ngram_similarity,"{""n"": 2}",1.000000
221,01,transpose,longest_common_subsequence,{},1.000000
221,02,interval_modification,edit_distance,{},0.753846
221,02,interval_modification,interval_ngram_similarity,"{""n"": 2}",0.391304
221,02,interval_modification,longest_common_subsequence,{},0.753846
221,02,ornamentation,edit_distance,{},0.679487
221,02,ornamentation,interval_ngram_similarity,"{""n"": 2}",0.424242
221,02,ornamentation,longest_common_subsequence,{},0.679487
221,02,simplification,edit_distance,{},0.584615
221,02,simplification,interval_ngram_similarity,"{""n"": 2}",0.333333
221,02,simplification,longest_common_subsequence,{},0.584615
221,02,transpose,edit_distance,{},1.000000
221,02,transpose,interval_ngram_similarity,"{""n"": 2}",1.000000
221,02,transpose,longest_common_subsequence,{},1.000000
224,01,interval_modification,edit_distance,{},0.754098
224,01,interval_modification,interval_ngram_similarity,"{""n"": 2}",0.390805
224,01,interval_modification,longest_common_subsequence,{},0.770492
224,01,ornamentation,edit_distance,{},0.684932
224,01,ornamentation,interval_ngram_similarity,"{""n"": 2}",0.437838
224,01,ornamentation,longest_common_subsequence,{},0.691781
224,01,simplification,edit_distance,{},0.557377
224,01,simplification,interval_ngram_similarity,"{""n"": 2}",0.370130
224,01,simplification,longest_common_subsequence,{},0.557377
224,01,transpose,edit_distance,{},1.000000
224,01,transpose,interval_ngram_similarity,"{""n"": 2}",1.000000
224,01,transpose,longest_common_subsequence,{},1.000000
224,02,interval_modification,edit_distance,{},0.752809
224,02,interval_modification,interval_ngram_similarity,"{""n"": 2}",0.419355
224,02,interval_modification,longest_common_subsequence,{},0.752809
224,02,ornamentation,edit_distance,{},0.663551
224,02,ornamentation,interval_ngram_similarity,"{""n"": 2}",0.426471
224,02,ornamentation,longest_common_subsequence,{},0.663551
224,02,simplification,edit_distance,{},0.696629
224,02,simplification,interval_ngram_similarity,"{""n"": 2}",0.540000
224,02,simplification,longest_common_subsequence,{},0.696629
224,02,transpose,edit_distance,{},1.000000
224,02,transpose,interval_ngram_similarity,"{""n"": 2}",1.000000
224,02,transpose,longest_common_subsequence,{},1.000000
226,01,interval_modification,edit_distance,{},0.748031
226,01,interval_modification,interval_ngram_similarity,"{""n"": 2}",0.423729
226,01,interval_modification,longest_common_subsequence,{},0.748031
226,01,ornamentation,edit_distance,{},0.723684
226,01,ornamentation,interval_ngram_similarity,"{""n"": 2}",0.513661
226,01,ornamentation,longest_common_subsequence,{},0.723684
226,01,simplification,edit_distance,{},0.582677
226,01,simplification,interval_ngram_similarity,"{""n"": 2}",0.366460
226,01,simplification,longest_common_subsequence,{},0.582677
226,01,transpose,edit_distance,{},1.000000
226,01,transpose,interval_ngram_similarity,"{""n"": 2}",1.000000
226,01,transpose,longest_common_subsequence,{},1.000000
226,02,interval_modification,edit_distance,{},0.750000
226,02,interval_modification,interval_ngram_similarity,"{""n"": 2}",0.426966
226,02,interval_modification,longest_common_subsequence,{},0.757812
226,02,ornamentation,edit_distance,{},0.740260
226,02,ornamentation,interval_ngram_similarity,"{""n"": 2}",0.505376
226,02,ornamentation,longest_common_subsequence,{},0.740260
226,02,simplification,edit_distance,{},0.656250
226,02,simplification,interval_ngram_similarity,"{""n"": 2}",0.531034
226,02,simplification,longest_common_subsequence,{},0.656250
226,02,transpose,edit_distance,{},1.000000
226,02,transpose,interval_ngram_similarity,"{""n"": 2}",1.000000
226,02,transpose,longest_common_subsequence,{},1.000000
229,01,interval_modification,edit_distance,{},0.750000
229,01,interval_modification,interval_ngram_similarity,"{""n"": 2}",0.392405
229,01,interval_modification,longest_common_subsequence,{},0.750000
229,01,ornamentation,edit_distance,{},0.701493
229,01,ornamentation,interval_ngram_similarity,"{""n"": 2}",0.475610
229,01,ornamentation,longest_common_subsequence,{},0.701493
229,01,simplification,edit_distance,{},0.571429
229,01,simplification,interval_ngram_similarity,"{""n"": 2}",0.333333
229,01,simplification,longest_common_subsequence,{},0.571429
229,01,transpose,edit_distance,{},1.000000
229,01,transpose,interval_ngram_similarity,"{""n"": 2}",1.000000
229,01,transpose,longest_common_subsequence,{},1.000000
229,02,interval_modification,edit_distance,{},0.745455
229,02,interval_modification,interval_ngram_similarity,"{""n"": 2}",0.402597
229,02,interval_modification,longest_common_subsequence,{},0.745455
229,02,ornamentation,edit_distance,{},0.696970
229,02,ornamentation,interval_ngram_similarity,"{""n"": 2}",0.451220
229,02,ornamentation,longest_common_subsequence,{},0.712121
229,02,simplification,edit_distance,{},0.600000
229,02,simplification,interval_ngram_similarity,"{""n"": 2}",0.362319
229,02,simplification,longest_common_subsequence,{},0.600000
229,02,transpose,edit_distance,{},1.000000
229,02,transpose,interval_ngram_similarity,"{""n"": 2}",1.000000
229,02,transpose,longest_common_subsequence,{},1.000000
234,01,interval_modification,edit_distance,{},0.753846
234,01,interval_modification,interval_ngram_similarity,"{""n"": 2}",0.391304
234,01,interval_modification,longest_common_subsequence,{},0.753846
234,01,ornamentation,edit_distance,{},0.705128
234,01,ornamentation,interval_ngram_similarity,"{""n"": 2}",0.438776
234,01,ornamentation,longest_common_subsequence,{},0.705128
234,01,simplification,edit_distance,{},0.661538
234,01,simplification,interval_ngram_similarity,"{""n"": 2}",0.493333
234,01,simplification,longest_common_subsequence,{},0.661538
234,01,transpose,edit_distance,{},1.000000
234,01,transpose,interval_ngram_similarity,"{""n"": 2}",1.000000
234,01,transpose,longest_common_subsequence,{},1.000000
234,02,interval_modification,edit_distance,{},0.756757
234,02,interval_modification,interval_ngram_similarity,"{""n"": 2}",0.431373
234,02,interval_modification,longest_common_subsequence,{},0.756757
234,02,ornamentation,edit_distance,{},0.707865
234,02,ornamentation,interval_ngram_similarity,"{""n"": 2}",0.533333
234,02,ornamentation,longest_common_subsequence,{},0.707865
234,02,simplification,edit_distance,{},0.581081
234,02,simplification,interval_ngram_similarity,"{""n"": 2}",0.322917
234,02,simplification,longest_common_subsequence,{},0.581081
234,02,transpose,edit_distance,{},1.000000
234,02,transpose,interval_ngram_similarity,"{""n"": 2}",1.000000
234,02,transpose,longest_common_subsequence,{},1.000000
239,01,interval_modification,edit_distance,{},0.747475
239,01,interval_modification,interval_ngram_similarity,"{""n"": 2}",0.410072
239,01,interval_modification,longest_common_subsequence,{},0.747475
239,01,ornamentation,edit_distance,{},0.697479
239,01,ornamentation,interval_ngram_similarity,"{""n"": 2}",0.440000
239,01,ornamentation,longest_common_subsequence,{},0.697479
239,01,simplification,edit_distance,{},0.575758
239,01,simplification,interval_ngram_similarity,"{""n"": 2}",0.346457
239,01,simplification,longest_common_subsequence,{},0.585859
239,01,transpose,edit_distance,{},1.000000
239,01,transpose,interval_ngram_similarity,"{""n"": 2}",1.000000
239,01,transpose,longest_common_subsequence,{},1.000000
239,02,interval_modification,edit_distance,{},0.746269
239,02,interval_modification,interval_ngram_similarity,"{""n"": 2}",0.404255
239,02,interval_modification,longest_common_subsequence,{},0.746269
239,02,ornamentation,edit_distance,{},0.700000
239,02,ornamentation,interval_ngram_similarity,"{""n"": 2}",0.450000
239,02,ornamentation,longest_common_subsequence,{},0.700000
239,02,simplification,edit_distance,{},0.611940
239,02,simplification,interval_ngram_similarity,"{""n"": 2}",0.369048
239,02,simplification,longest_common_subsequence,{},0.611940
239,02,transpose,edit_distance,{},1.000000
239,02,transpose,interval_ngram_similarity,"{""n"": 2}",1.000000
239,02,transpose,longest_common_subsequence,{},1.000000
251,01,interval_modification,edit_distance,{},0.754098
251,01,interval_modification,interval_ngram_similarity,"{""n"": 2}",0.411765
251,01,interval_modification,longest_common_subsequence,{},0.754098
251,01,ornamentation,edit_distance,{},0.767123
251,01,ornamentation,interval_ngram_similarity,"{""n"": 2}",0.534884
251,01,ornamentation,longest_common_subsequence,{},0.780822
251,01,simplification,edit_distance,{},0.590164
251,01,simplification,interval_ngram_similarity,"{""n"": 2}",0.350649
251,01,simplification,longest_common_subsequence,{},0.606557
251,01,transpose,edit_distance,{},1.000000
251,01,transpose,interval_ngram_similarity,"{""n"": 2}",1.000000
251,01,transpose,longest_common_subsequence,{},1.000000
251,02,interval_modification,edit_distance,{},0.753623
251,02,interval_modification,interval_ngram_similarity,"{""n"": 2}",0.462366
251,02,interval_modification,longest_common_subsequence,{},0.768116
251,02,ornamentation,edit_distance,{},0.722892
251,02,ornamentation,interval_ngram_similarity,"{""n"": 2}",0.530612
251,02,ornamentation,longest_common_subsequence,{},0.722892
251,02,simplification,edit_distance,{},0.666667
251,02,simplification,interval_ngram_similarity,"{""n"": 2}",0.493671
251,02,simplification,longest_common_subsequence,{},0.666667
251,02,transpose,edit_distance,{},1.000000
251,02,transpose,interval_ngram_similarity,"{""n"": 2}",1.000000
251,02,transpose,longest_common_subsequence,{},1.000000
271,01,interval_modification,edit_distance,{},0.753846
271,01,interval_modification,interval_ngram_similarity,"{""n"": 2}",0.422222
271,01,interval_modification,longest_common_subsequence,{},0.753846
271,01,ornamentation,edit_distance,{},0.730769
271,01,ornamentation,interval_ngram_similarity,"{""n"": 2}",0.500000
271,01,ornamentation,longest_common_subsequence,{},0.730769
271,01,simplification,edit_distance,{},0.646154
271,01,simplification,interval_ngram_similarity,"{""n"": 2}",0.417722
271,01,simplification,longest_common_subsequence,{},0.646154
271,01,transpose,edit_distance,{},1.000000
271,01,transpose,interval_ngram_similarity,"{""n"": 2}",1.000000
271,01,transpose,longest_common_subsequence,{},1.000000
271,02,interval_modification,edit_distance,{},0.746479
271,02,interval_modification,interval_ngram_similarity,"{""n"": 2}",0.473684
271,02,interval_modification,longest_common_subsequence,{},0.760563
271,02,ornamentation,edit_distance,{},0.741176
271,02,ornamentation,interval_ngram_similarity,"{""n"": 2}",0.509804
271,02,ornamentation,longest_common_subsequence,{},0.741176
271,02,simplification,edit_distance,{},0.661972
271,02,simplification,interval_ngram_similarity,"{""n"": 2}",0.487805
271,02,simplification,longest_common_subsequence,{},0.661972
271,02,transpose,edit_distance,{},1.000000
271,02,transpose,interval_ngram_similarity,"{""n"": 2}",1.000000
271,02,transpose,longest_common_subsequence,{},1.000000
274,01,interval_modification,edit_distance,{},0.754717
274,01,interval_modification,interval_ngram_similarity,"{""n"": 2}",0.424658
274,01,interval_modification,longest_common_subsequence,{},0.754717
274,01,ornamentation,edit_distance,{},0.656250
274,01,ornamentation,interval_ngram_similarity,"{""n"": 2}",0.419753
274,01,ornamentation,longest_common_subsequence,{},0.671875
274,01,simplification,edit_distance,{},0.660377
274,01,simplification,interval_ngram_similarity,"{""n"": 2}",0.428571
274,01,simplification,longest_common_subsequence,{},0.660377
274,01,transpose,edit_distance,{},1.000000
274,01,transpose,interval_ngram_similarity,"{""n"": 2}",1.000000
274,01,transpose,longest_common_subsequence,{},1.000000
274,02,interval_modification,edit_distance,{},0.741935
274,02,interval_modification,interval_ngram_similarity,"{""n"": 2}",0.370787
274,02,interval_modification,longest_common_subsequence,{},0.741935
274,02,ornamentation,edit_distance,{},0.675676
274,02,ornamentation,interval_ngram_similarity,"{""n"": 2}",0.440860
274,02,ornamentation,longest_common_subsequence,{},0.689189
274,02,simplification,edit_distance,{},0.661290
274,02,simplification,interval_ngram_similarity,"{""n"": 2}",0.492958
274,02,simplification,longest_common_subsequence,{},0.661290
274,02,transpose,edit_distance,{},1.000000
274,02,transpose,interval_ngram_similarity,"{""n"": 2}",1.000000
274,02,transpose,longest_common_subsequence,{},1.000000
282,01,interval_modification,edit_distance,{},0.753425
282,01,interval_modification,interval_ngram_similarity,"{""n"": 2}",0.398058
282,01,interval_modification,longest_common_subsequence,{},0.753425
282,01,ornamentation,edit_distance,{},0.704545
282,01,ornamentation,interval_ngram_similarity,"{""n"": 2}",0.458716
282,01,ornamentation,longest_common_subsequence,{},0.704545
282,01,simplification,edit_distance,{},0.561644
282,01,simplification,interval_ngram_similarity,"{""n"": 2}",0.312500
282,01,simplification,longest_common_subsequence,{},0.561644
282,01,transpose,edit_distance,{},1.000000
282,01,transpose,interval_ngram_similarity,"{""n"": 2}",1.000000
282,01,transpose,longest_common_subsequence,{},1.000000
282,02,interval_modification,edit_distance,{},0.747253
282,02,interval_modification,interval_ngram_similarity,"{""n"": 2}",0.395349
282,02,interval_modification,longest_common_subsequence,{},0.747253
282,02,ornamentation,edit_distance,{},0.706422
282,02,ornamentation,interval_ngram_similarity,"{""n"": 2}",0.466667
282,02,ornamentation,longest_common_subsequence,{},0.706422
282,02,simplification,edit_distance,{},0.571429
282,02,simplification,interval_ngram_similarity,"{""n"": 2}",0.389381
282,02,simplification,longest_common_subsequence,{},0.582418
282,02,transpose,edit_distance,{},1.000000
282,02,transpose,interval_ngram_similarity,"{""n"": 2}",1.000000
282,02,transpose,longest_common_subsequence,{},1.000000
285,01,interval_modification,edit_distance,{},0.743590
285,01,interval_modification,interval_ngram_similarity,"{""n"": 2}",0.452830
285,01,interval_modification,longest_common_subsequence,{},0.743590
285,01,ornamentation,edit_distance,{},0.734043
285,01,ornamentation,interval_ngram_similarity,"{""n"": 2}",0.559633
285,01,ornamentation,longest_common_subsequence,{},0.734043
285,01,simplification,edit_distance,{},0.692308
285,01,simplification,interval_ngram_similarity,"{""n"": 2}",0.488889
285,01,simplification,longest_common_subsequence,{},0.692308
285,01,transpose,edit_distance,{},1.000000
285,01,transpose,interval_ngram_similarity,"{""n"": 2}",1.000000
285,01,transpose,longest_common_subsequence,{},1.000000
285,02,interval_modification,edit_distance,{},0.750000
285,02,interval_modification,interval_ngram_similarity,"{""n"": 2}",0.430233
285,02,interval_modification,longest_common_subsequence,{},0.750000
285,02,ornamentation,edit_distance,{},0.704698
285,02,ornamentation,interval_ngram_similarity,"{""n"": 2}",0.497238
285,02,ornamentation,longest_common_subsequence,{},0.704698
285,02,simplification,edit_distance,{},0.637097
285,02,simplification,interval_ngram_similarity,"{""n"": 2}",0.546763
285,02,simplification,longest_common_subsequence,{},0.645161
285,02,transpose,edit_distance,{},1.000000
285,02,transpose,interval_ngram_similarity,"{""n"": 2}",1.000000
285,02,transpose,longest_common_subsequence,{},1.000000
297,01,interval_modification,edit_distance,{},0.740741
297,01,interval_modification,interval_ngram_similarity,"{""n"": 2}",0.452055
297,01,interval_modification,longest_common_subsequence,{},0.759259
297,01,ornamentation,edit_distance,{},0.707692
297,01,ornamentation,interval_ngram_similarity,"{""n"": 2}",0.462500
297,01,ornamentation,longest_common_subsequence,{},0.707692
297,01,simplification,edit_distance,{},0.666667
297,01,simplification,interval_ngram_similarity,"{""n"": 2}",0.508197
297,01,simplification,longest_common_subsequence,{},0.666667
297,01,transpose,edit_distance,{},1.000000
297,01,transpose,interval_ngram_similarity,"{""n"": 2}",1.000000
297,01,transpose,longest_common_subsequence,{},1.000000
297,02,interval_modification,edit_distance,{},0.750000
297,02,interval_modification,interval_ngram_similarity,"{""n"": 2}",0.410256
297,02,interval_modification,longest_common_subsequence,{},0.767857
297,02,ornamentation,edit_distance,{},0.761194
297,02,ornamentation,interval_ngram_similarity,"{""n"": 2}",0.493827
297,02,ornamentation,longest_common_subsequence,{},0.761194
297,02,simplification,edit_distance,{},0.696429
297,02,simplification,interval_ngram_similarity,"{""n"": 2}",0.548387
297,02,simplification,longest_common_subsequence,{},0.696429
297,02,transpose,edit_distance,{},1.000000
297,02,transpose,interval_ngram_similarity,"{""n"": 2}",1.000000
297,02,transpose,longest_common_subsequence,{},1.000000
301,01,interval_modification,edit_distance,{},0.754098
301,01,interval_modification,interval_ngram_similarity,"{""n"": 2}",0.406977
301,01,interval_modification,longest_common_subsequence,{},0.754098
301,01,ornamentation,edit_distance,{},0.726027
301,01,ornamentation,interval_ngram_similarity,"{""n"": 2}",0.486034
301,01,ornamentation,longest_common_subsequence,{},0.726027
301,01,simplification,edit_distance,{},0.590164
301,01,simplification,interval_ngram_similarity,"{""n"": 2}",0.352564
301,01,simplification,longest_common_subsequence,{},0.598361
301,01,transpose,edit_distance,{},1.000000
301,01,transpose,interval_ngram_similarity,"{""n"": 2}",1.000000
301,01,transpose,longest_common_subsequence,{},1.000000
301,02,interval_modification,edit_distance,{},0.752809
301,02,interval_modification,interval_ngram_similarity,"{""n"": 2}",0.419355
301,02,interval_modification,longest_common_subsequence,{},0.764045
301,02,ornamentation,edit_distance,{},0.691589
301,02,ornamentation,interval_ngram_similarity,"{""n"": 2}",0.458647
301,02,ornamentation,longest_common_subsequence,{},0.691589
301,02,simplification,edit_distance,{},0.662921
301,02,simplification,interval_ngram_similarity,"{""n"": 2}",0.466667
301,02,simplification,longest_common_subsequence,{},0.662921
301,02,transpose,edit_distance,{},1.000000
301,02,transpose,interval_ngram_similarity,"{""n"": 2}",1.000000
301,02,transpose,longest_common_subsequence,{},1.000000
345,01,interval_modification,edit_distance,{},0.746032
345,01,interval_modification,interval_ngram_similarity,"{""n"": 2}",0.409091
345,01,interval_modification,longest_common_subsequence,{},0.746032
345,01,ornamentation,edit_distance,{},0.671053
345,01,ornamentation,interval_ngram_similarity,"{""n"": 2}",0.442105
345,01,ornamentation,longest_common_subsequence,{},0.671053
345,01,simplification,edit_distance,{},0.682540
345,01,simplification,interval_ngram_similarity,"{""n"": 2}",0.479452
345,01,simplification,longest_common_subsequence,{},0.682540
345,01,transpose,edit_distance,{},1.000000
345,01,transpose,interval_ngram_similarity,"{""n"": 2}",1.000000
345,01,transpose,longest_common_subsequence,{},1.000000
345,02,interval_modification,edit_distance,{},0.746835
345,02,interval_modification,interval_ngram_similarity,"{""n"": 2}",0.431193
345,02,interval_modification,longest_common_subsequence,{},0.746835
345,02,ornamentation,edit_distance,{},0.694737
345,02,ornamentation,interval_ngram_similarity,"{""n"": 2}",0.457627
345,02,ornamentation,longest_common_subsequence,{},0.694737
345,02,simplification,edit_distance,{},0.607595
345,02,simplification,interval_ngram_similarity,"{""n"": 2}",0.360000
345,02,simplification,longest_common_subsequence,{},0.607595
345,02,transpose,edit_distance,{},1.000000
345,02,transpose,interval_ngram_similarity,"{""n"": 2}",1.000000
345,02,transpose,longest_common_subsequence,{},1.000000
349,01,interval_modification,edit_distance,{},0.744681
349,01,interval_modification,interval_ngram_similarity,"{""n"": 2}",0.419847
349,01,interval_modification,longest_common_subsequence,{},0.744681
349,01,ornamentation,edit_distance,{},0.681416
349,01,ornamentation,interval_ngram_similarity,"{""n"": 2}",0.443662
349,01,ornamentation,longest_common_subsequence,{},0.681416
349,01,simplification,edit_distance,{},0.563830
349,01,simplification,interval_ngram_similarity,"{""n"": 2}",0.317073
349,01,simplification,longest_common_subsequence,{},0.563830
349,01,transpose,edit_distance,{},1.000000
349,01,transpose,interval_ngram_similarity,"{""n"": 2}",1.000000
349,01,transpose,longest_common_subsequence,{},1.000000
349,02,interval_modification,edit_distance,{},0.752475
349,02,interval_modification,interval_ngram_similarity,"{""n"": 2}",0.408451
349,02,interval_modification,longest_common_subsequence,{},0.752475
349,02,ornamentation,edit_distance,{},0.685950
349,02,ornamentation,interval_ngram_similarity,"{""n"": 2}",0.486486
349,02,ornamentation,longest_common_subsequence,{},0.685950
349,02,simplification,edit_distance,{},0.653465
349,02,simplification,interval_ngram_similarity,"{""n"": 2}",0.500000
349,02,simplification,longest_common_subsequence,{},0.653465
349,02,transpose,edit_distance,{},1.000000
349,02,transpose,interval_ngram_similarity,"{""n"": 2}",1.000000
349,02,transpose,longest_common_subsequence,{},1.000000
353,01,interval_modification,edit_distance,{},0.727273
353,01,interval_modification,interval_ngram_similarity,"{""n"": 2}",0.354839
353,01,interval_modification,longest_common_subsequence,{},0.727273
353,01,ornamentation,edit_distance,{},0.730769
353,01,ornamentation,interval_ngram_similarity,"{""n"": 2}",0.533333
353,01,ornamentation,longest_common_subsequence,{},0.730769
353,01,simplification,edit_distance,{},0.681818
353,01,simplification,interval_ngram_similarity,"{""n"": 2}",0.500000
353,01,simplification,longest_common_subsequence,{},0.681818
353,01,transpose,edit_distance,{},1.000000
353,01,transpose,interval_ngram_similarity,"{""n"": 2}",1.000000
353,01,transpose,longest_common_subsequence,{},1.000000
353,02,interval_modification,edit_distance,{},0.736842
353,02,interval_modification,interval_ngram_similarity,"{""n"": 2}",0.440000
353,02,interval_modification,longest_common_subsequence,{},0.736842
353,02,ornamentation,edit_distance,{},0.695652
353,02,ornamentation,interval_ngram_similarity,"{""n"": 2}",0.481481
353,02,ornamentation,longest_common_subsequence,{},0.695652
353,02,simplification,edit_distance,{},0.684211
353,02,simplification,interval_ngram_similarity,"{""n"": 2}",0.631579
353,02,simplification,longest_common_subsequence,{},0.684211
353,02,transpose,edit_distance,{},1.000000
353,02,transpose,interval_ngram_similarity,"{""n"": 2}",1.000000
353,02,transpose,longest_common_subsequence,{},1.000000
364,01,interval_modification,edit_distance,{},0.739130
364,01,interval_modification,interval_ngram_similarity,"{""n"": 2}",0.375000
364,01,interval_modification,longest_common_subsequence,{},0.739130
364,01,ornamentation,edit_distance,{},0.714286
364,01,ornamentation,interval_ngram_similarity,"{""n"": 2}",0.484848
364,01,ornamentation,longest_common_subsequence,{},0.750000
364,01,simplification,edit_distance,{},0.608696
364,01,simplification,interval_ngram_similarity,"{""n"": 2}",0.407407
364,01,simplification,longest_common_subsequence,{},0.608696
364,01,transpose,edit_distance,{},1.000000
364,01,transpose,interval_ngram_similarity,"{""n"": 2}",1.000000
364,01,transpose,longest_common_subsequence,{},1.000000
364,02,interval_modification,edit_distance,{},0.769231
364,02,interval_modification,interval_ngram_similarity,"{""n"": 2}",0.515152
364,02,interval_modification,longest_common_subsequence,{},0.769231
364,02,ornamentation,edit_distance,{},0.709677
364,02,ornamentation,interval_ngram_similarity,"{""n"": 2}",0.410256
364,02,ornamentation,longest_common_subsequence,{},0.709677
364,02,simplification,edit_distance,{},0.653846
364,02,simplification,interval_ngram_similarity,"{""n"": 2}",0.535714
364,02,simplification,longest_common_subsequence,{},0.653846
364,02,transpose,edit_distance,{},1.000000
364,02,transpose,interval_ngram_similarity,"{""n"": 2}",1.000000
364,02,transpose,longest_common_subsequence,{},1.000000
368,01,interval_modification,edit_distance,{},0.761905
368,01,interval_modification,interval_ngram_similarity,"{""n"": 2}",0.481481
368,01,interval_modification,longest_common_subsequence,{},0.761905
368,01,ornamentation,edit_distance,{},0.680000
368,01,ornamentation,interval_ngram_similarity,"{""n"": 2}",0.466667
368,01,ornamentation,longest_common_subsequence,{},0.680000
368,01,simplification,edit_distance,{},0.523810
368,01,simplification,interval_ngram_similarity,"{""n"": 2}",0.214286
368,01,simplification,longest_common_subsequence,{},0.571429
368,01,transpose,edit_distance,{},1.000000
368,01,transpose,interval_ngram_similarity,"{""n"": 2}",1.000000
368,01,transpose,longest_common_subsequence,{},1.000000
368,02,interval_modification,edit_distance,{},0.800000
368,02,interval_modification,interval_ngram_similarity,"{""n"": 2}",0.636364
368,02,interval_modification,longest_common_subsequence,{},0.900000
368,02,ornamentation,edit_distance,{},0.750000
368,02,ornamentation,interval_ngram_similarity,"{""n"": 2}",0.538462
368,02,ornamentation,longest_common_subsequence,{},0.750000
368,02,simplification,edit_distance,{},0.600000
368,02,simplification,interval_ngram_similarity,"{""n"": 2}",0.363636
368,02,simplification,longest_common_subsequence,{},0.600000
368,02,transpose,edit_distance,{},1.000000
368,02,transpose,interval_ngram_similarity,"{""n"": 2}",1.000000
368,02,transpose,longest_common_subsequence,{},1.000000
371,01,interval_modification,edit_distance,{},0.739130
371,01,interval_modification,interval_ngram_similarity,"{""n"": 2}",0.375000
371,01,interval_modification,longest_common_subsequence,{},0.739130
371,01,ornamentation,edit_distance,{},0.678571
371,01,ornamentation,interval_ngram_similarity,"{""n"": 2}",0.400000
371,01,ornamentation,longest_common_subsequence,{},0.678571
371,01,simplification,edit_distance,{},0.652174
371,01,simplification,interval_ngram_similarity,"{""n"": 2}",0.357143
371,01,simplification,longest_common_subsequence,{},0.652174
371,01,transpose,edit_distance,{},1.000000
371,01,transpose,interval_ngram_similarity,"{""n"": 2}",1.000000
371,01,transpose,longest_common_subsequence,{},1.000000
371,02,interval_modification,edit_distance,{},0.769231
371,02,interval_modification,interval_ngram_similarity,"{""n"": 2}",0.470588
371,02,interval_modification,longest_common_subsequence,{},0.769231
371,02,ornamentation,edit_distance,{},0.677419
371,02,ornamentation,interval_ngram_similarity,"{""n"": 2}",0.410256
371,02,ornamentation,longest_common_subsequence,{},0.677419
371,02,simplification,edit_distance,{},0.692308
371,02,simplification,interval_ngram_similarity,"{""n"": 2}",0.387097
371,02,simplification,longest_common_subsequence,{},0.692308
371,02,transpose,edit_distance,{},1.000000
371,02,transpose,interval_ngram_similarity,"{""n"": 2}",1.000000
371,02,transpose,longest_common_subsequence,{},1.000000
374,01,interval_modification,edit_distance,{},0.764706
374,01,interval_modification,interval_ngram_similarity,"{""n"": 2}",0.454545
374,01,interval_modification,longest_common_subsequence,{},0.764706
374,01,ornamentation,edit_distance,{},0.700000
374,01,ornamentation,interval_ngram_similarity,"{""n"": 2}",0.458333
374,01,ornamentation,longest_common_subsequence,{},0.700000
374,01,simplification,edit_distance,{},0.705882
374,01,simplification,interval_ngram_similarity,"{""n"": 2}",0.473684
374,01,simplification,longest_common_subsequence,{},0.705882
374,01,transpose,edit_distance,{},1.000000
374,01,transpose,interval_ngram_similarity,"{""n"": 2}",1.000000
374,01,transpose,longest_common_subsequence,{},1.000000
374,02,interval_modification,edit_distance,{},0.736842
374,02,interval_modification,interval_ngram_similarity,"{""n"": 2}",0.440000
374,02,interval_modification,longest_common_subsequence,{},0.736842
374,02,ornamentation,edit_distance,{},0.652174
374,02,ornamentation,interval_ngram_similarity,"{""n"": 2}",0.428571
374,02,ornamentation,longest_common_subsequence,{},0.652174
374,02,simplification,edit_distance,{},0.526316
374,02,simplification,interval_ngram_similarity,"{""n"": 2}",0.240000
374,02,simplification,longest_common_subsequence,{},0.526316
374,02,transpose,edit_distance,{},1.000000
374,02,transpose,interval_ngram_similarity,"{""n"": 2}",1.000000
374,02,transpose,longest_common_subsequence,{},1.000000
380,01,interval_modification,edit_distance,{},0.727273
380,01,interval_modification,interval_ngram_similarity,"{""n"": 2}",0.354839
380,01,interval_modification,longest_common_subsequence,{},0.727273
380,01,ornamentation,edit_distance,{},0.692308
380,01,ornamentation,interval_ngram_similarity,"{""n"": 2}",0.437500
380,01,ornamentation,longest_common_subsequence,{},0.692308
380,01,simplification,edit_distance,{},0.500000
380,01,simplification,interval_ngram_similarity,"{""n"": 2}",0.285714
380,01,simplification,longest_common_subsequence,{},0.545455
380,01,transpose,edit_distance,{},1.000000
380,01,transpose,interval_ngram_similarity,"{""n"": 2}",1.000000
380,01,transpose,longest_common_subsequence,{},1.000000
380,02,interval_modification,edit_distance,{},0.733333
380,02,interval_modification,interval_ngram_similarity,"{""n"": 2}",0.414634
380,02,interval_modification,longest_common_subsequence,{},0.766667
380,02,ornamentation,edit_distance,{},0.722222
380,02,ornamentation,interval_ngram_similarity,"{""n"": 2}",0.454545
380,02,ornamentation,longest_common_subsequence,{},0.722222
380,02,simplification,edit_distance,{},0.600000
380,02,simplification,interval_ngram_similarity,"{""n"": 2}",0.428571
380,02,simplification,longest_common_subsequence,{},0.600000
380,02,transpose,edit_distance,{},1.000000
380,02,transpose,interval_ngram_similarity,"{""n"": 2}",1.000000
380,02,transpose,longest_common_subsequence,{},1.000000
388,01,interval_modification,edit_distance,{},0.750000
388,01,interval_modification,interval_ngram_similarity,"{""n"": 2}",0.555556
388,01,interval_modification,longest_common_subsequence,{},0.750000
388,01,ornamentation,edit_distance,{},0.700000
388,01,ornamentation,interval_ngram_similarity,"{""n"": 2}",0.454545
388,01,ornamentation,longest_common_subsequence,{},0.700000
388,01,simplification,edit_distance,{},0.500000
388,01,simplification,interval_ngram_similarity,"{""n"": 2}",0.090909
388,01,simplification,longest_common_subsequence,{},0.500000
388,01,transpose,edit_distance,{},1.000000
388,01,transpose,interval_ngram_similarity,"{""n"": 2}",1.000000
388,01,transpose,longest_common_subsequence,{},1.000000
388,02,interval_modification,edit_distance,{},0.750000
388,02,interval_modification,interval_ngram_similarity,"{""n"": 2}",0.555556
388,02,interval_modification,longest_common_subsequence,{},0.875000
388,02,ornamentation,edit_distance,{},0.600000
388,02,ornamentation,interval_ngram_similarity,"{""n"": 2}",0.454545
388,02,ornamentation,longest_common_subsequence,{},0.700000
388,02,simplification,edit_distance,{},0.500000
388,02,simplification,interval_ngram_similarity,"{""n"": 2}",0.200000
388,02,simplification,longest_common_subsequence,{},0.500000
388,02,transpose,edit_distance,{},1.000000
388,02,transpose,interval_ngram_similarity,"{""n"": 2}",1.000000
388,02,transpose,longest_common_subsequence,{},1.000000
390,01,interval_modification,edit_distance,{},0.800000
390,01,interval_modification,interval_ngram_similarity,"{""n"": 2}",0.636364
390,01,interval_modification,longest_common_subsequence,{},0.800000
390,01,ornamentation,edit_distance,{},0.833333
390,01,ornamentation,interval_ngram_similarity,"{""n"": 2}",0.666667
390,01,ornamentation,longest_common_subsequence,{},0.833333
390,01,simplification,edit_distance,{},0.600000
390,01,simplification,interval_ngram_similarity,"{""n"": 2}",0.363636
390,01,simplification,longest_common_subsequence,{},0.600000
390,01,transpose,edit_distance,{},1.000000
390,01,transpose,interval_ngram_similarity,"{""n"": 2}",1.000000
390,01,transpose,longest_common_subsequence,{},1.000000
390,02,interval_modification,edit_distance,{},0.764706
390,02,interval_modification,interval_ngram_similarity,"{""n"": 2}",0.404255
390,02,interval_modification,longest_common_subsequence,{},0.764706
390,02,ornamentation,edit_distance,{},0.658537
390,02,ornamentation,interval_ngram_similarity,"{""n"": 2}",0.403846
390,02,ornamentation,longest_common_subsequence,{},0.658537
390,02,simplification,edit_distance,{},0.500000
390,02,simplification,interval_ngram_similarity,"{""n"": 2}",0.212766
390,02,simplification,longest_common_subsequence,{},0.500000
390,02,transpose,edit_distance,{},1.000000
390,02,transpose,interval_ngram_similarity,"{""n"": 2}",1.000000
390,02,transpose,longest_common_subsequence,{},1.000000
430,01,interval_modification,edit_distance,{},0.733333
430,01,interval_modification,interval_ngram_similarity,"{""n"": 2}",0.473684
430,01,interval_modification,longest_common_subsequence,{},0.800000
430,01,ornamentation,edit_distance,{},0.722222
430,01,ornamentation,interval_ngram_similarity,"{""n"": 2}",0.550000
430,01,ornamentation,longest_common_subsequence,{},0.722222
430,01,simplification,edit_distance,{},0.600000
430,01,simplification,interval_ngram_similarity,"{""n"": 2}",0.263158
430,01,simplification,longest_common_subsequence,{},0.600000
430,01,transpose,edit_distance,{},1.000000
430,01,transpose,interval_ngram_similarity,"{""n"": 2}",1.000000
430,01,transpose,longest_common_subsequence,{},1.000000
430,02,interval_modification,edit_distance,{},0.777778
430,02,interval_modification,interval_ngram_similarity,"{""n"": 2}",0.478261
430,02,interval_modification,longest_common_subsequence,{},0.777778
430,02,ornamentation,edit_distance,{},0.636364
430,02,ornamentation,interval_ngram_similarity,"{""n"": 2}",0.407407
430,02,ornamentation,longest_common_subsequence,{},0.636364
430,02,simplification,edit_distance,{},0.500000
430,02,simplification,interval_ngram_similarity,"{""n"": 2}",0.260870
430,02,simplification,longest_common_subsequence,{},0.500000
430,02,transpose,edit_distance,{},1.000000
430,02,transpose,interval_ngram_similarity,"{""n"": 2}",1.000000
430,02,transpose,longest_common_subsequence,{},1.000000
433,01,interval_modification,edit_distance,{},0.741935
433,01,interval_modification,interval_ngram_similarity,"{""n"": 2}",0.395349
433,01,interval_modification,longest_common_subsequence,{},0.741935
433,01,ornamentation,edit_distance,{},0.702703
433,01,ornamentation,interval_ngram_similarity,"{""n"": 2}",0.500000
433,01,ornamentation,longest_common_subsequence,{},0.729730
433,01,simplification,edit_distance,{},0.580645
433,01,simplification,interval_ngram_similarity,"{""n"": 2}",0.333333
433,01,simplification,longest_common_subsequence,{},0.580645
433,01,transpose,edit_distance,{},1.000000
433,01,transpose,interval_ngram_similarity,"{""n"": 2}",1.000000
433,01,transpose,longest_common_subsequence,{},1.000000
433,02,interval_modification,edit_distance,{},0.733333
433,02,interval_modification,interval_ngram_similarity,"{""n"": 2}",0.414634
433,02,interval_modification,longest_common_subsequence,{},0.733333
433,02,ornamentation,edit_distance,{},0.666667
433,02,ornamentation,interval_ngram_similarity,"{""n"": 2}",0.422222
433,02,ornamentation,longest_common_subsequence,{},0.666667
433,02,simplification,edit_distance,{},0.600000
433,02,simplification,interval_ngram_similarity,"{""n"": 2}",0.351351
433,02,simplification,longest_common_subsequence,{},0.600000
433,02,transpose,edit_distance,{},1.000000
433,02,transpose,interval_ngram_similarity,"{""n"": 2}",1.000000
433,02,transpose,longest_common_subsequence,{},1.000000
460,01,interval_modification,edit_distance,{},0.761905
460,01,interval_modification,interval_ngram_similarity,"{""n"": 2}",0.481481
460,01,interval_modification,longest_common_subsequence,{},0.761905
460,01,ornamentation,edit_distance,{},0.680000
460,01,ornamentation,interval_ngram_similarity,"{""n"": 2}",0.466667
460,01,ornamentation,longest_common_subsequence,{},0.680000
460,01,simplification,edit_distance,{},0.571429
460,01,simplification,interval_ngram_similarity,"{""n"": 2}",0.259259
460,01,simplification,longest_common_subsequence,{},0.571429
460,01,transpose,edit_distance,{},1.000000
460,01,transpose,interval_ngram_similarity,"{""n"": 2}",1.000000
460,01,transpose,longest_common_subsequence,{},1.000000
460,02,interval_modification,edit_distance,{},0.760000
460,02,interval_modification,interval_ngram_similarity,"{""n"": 2}",0.454545
460,02,interval_modification,longest_common_subsequence,{},0.760000
460,02,ornamentation,edit_distance,{},0.666667
460,02,ornamentation,interval_ngram_similarity,"{""n"": 2}",0.394737
460,02,ornamentation,longest_common_subsequence,{},0.666667
460,02,simplification,edit_distance,{},0.600000
460,02,simplification,interval_ngram_similarity,"{""n"": 2}",0.312500
460,02,simplification,longest_common_subsequence,{},0.600000
460,02,transpose,edit_distance,{},1.000000
460,02,transpose,interval_ngram_similarity,"{""n"": 2}",1.000000
460,02,transpose,longest_common_subsequence,{},1.000000
465,01,interval_modification,edit_distance,{},0.739130
465,01,interval_modification,interval_ngram_similarity,"{""n"": 2}",0.419355
465,01,interval_modification,longest_common_subsequence,{},0.782609
465,01,ornamentation,edit_distance,{},0.714286
465,01,ornamentation,interval_ngram_similarity,"{""n"": 2}",0.484848
465,01,ornamentation,longest_common_subsequence,{},0.714286
465,01,simplification,edit_distance,{},0.608696
465,01,simplification,interval_ngram_similarity,"{""n"": 2}",0.461538
465,01,simplification,longest_common_subsequence,{},0.652174
465,01,transpose,edit_distance,{},1.000000
465,01,transpose,interval_ngram_similarity,"{""n"": 2}",1.000000
465,01,transpose,longest_common_subsequence,{},1.000000
465,02,interval_modification,edit_distance,{},0.777778
465,02,interval_modification,interval_ngram_similarity,"{""n"": 2}",0.478261
465,02,interval_modification,longest_common_subsequence,{},0.777778
465,02,ornamentation,edit_distance,{},0.636364
465,02,ornamentation,interval_ngram_similarity,"{""n"": 2}",0.407407
465,02,ornamentation,longest_common_subsequence,{},0.636364
465,02,simplification,edit_distance,{},0.666667
465,02,simplification,interval_ngram_similarity,"{""n"": 2}",0.380952
465,02,simplification,longest_common_subsequence,{},0.666667
465,02,transpose,edit_distance,{},1.000000
465,02,transpose,interval_ngram_similarity,"{""n"": 2}",1.000000
465,02,transpose,longest_common_subsequence,{},1.000000
471,01,interval_modification,edit_distance,{},0.741935
471,01,interval_modification,interval_ngram_similarity,"{""n"": 2}",0.395349
471,01,interval_modification,longest_common_subsequence,{},0.741935
471,01,ornamentation,edit_distance,{},0.702703
471,01,ornamentation,interval_ngram_similarity,"{""n"": 2}",0.500000
471,01,ornamentation,longest_common_subsequence,{},0.702703
471,01,simplification,edit_distance,{},0.580645
471,01,simplification,interval_ngram_similarity,"{""n"": 2}",0.333333
471,01,simplification,longest_common_subsequence,{},0.580645
471,01,transpose,edit_distance,{},1.000000
471,01,transpose,interval_ngram_similarity,"{""n"": 2}",1.000000
471,01,transpose,longest_common_subsequence,{},1.000000
471,02,interval_modification,edit_distance,{},0.777778
471,02,interval_modification,interval_ngram_similarity,"{""n"": 2}",0.478261
471,02,interval_modification,longest_common_subsequence,{},0.777778
471,02,ornamentation,edit_distance,{},0.681818
471,02,ornamentation,interval_ngram_similarity,"{""n"": 2}",0.461538
471,02,ornamentation,longest_common_subsequence,{},0.681818
471,02,simplification,edit_distance,{},0.666667
471,02,simplification,interval_ngram_similarity,"{""n"": 2}",0.380952
471,02,simplification,longest_common_subsequence,{},0.666667
471,02,transpose,edit_distance,{},1.000000
471,02,transpose,interval_ngram_similarity,"{""n"": 2}",1.000000
471,02,transpose,longest_common_subsequence,{},1.000000
518,01,interval_modification,edit_distance,{},0.727273
518,01,interval_modification,interval_ngram_similarity,"{""n"": 2}",0.354839
518,01,interval_modification,longest_common_subsequence,{},0.727273
518,01,ornamentation,edit_distance,{},0.730769
518,01,ornamentation,interval_ngram_similarity,"{""n"": 2}",0.483871
518,01,ornamentation,longest_common_subsequence,{},0.730769
518,01,simplification,edit_distance,{},0.545455
518,01,simplification,interval_ngram_similarity,"{""n"": 2}",0.333333
518,01,simplification,longest_common_subsequence,{},0.590909
518,01,transpose,edit_distance,{},1.000000
518,01,transpose,interval_ngram_similarity,"{""n"": 2}",1.000000
518,01,transpose,longest_common_subsequence,{},1.000000
518,02,interval_modification,edit_distance,{},0.750000
518,02,interval_modification,interval_ngram_similarity,"{""n"": 2}",0.428571
518,02,interval_modification,longest_common_subsequence,{},0.750000
518,02,ornamentation,edit_distance,{},0.789474
518,02,ornamentation,interval_ngram_similarity,"{""n"": 2}",0.571429
518,02,ornamentation,longest_common_subsequence,{},0.789474
518,02,simplification,edit_distance,{},0.687500
518,02,simplification,interval_ngram_similarity,"{""n"": 2}",0.444444
518,02,simplification,longest_common_subsequence,{},0.687500
518,02,transpose,edit_distance,{},1.000000
518,02,transpose,interval_ngram_similarity,"{""n"": 2}",1.000000
518,02,transpose,longest_common_subsequence,{},1.000000
547,01,interval_modification,edit_distance,{},0.769231
547,01,interval_modification,interval_ngram_similarity,"{""n"": 2}",0.500000
547,01,interval_modification,longest_common_subsequence,{},0.769231
547,01,ornamentation,edit_distance,{},0.625000
547,01,ornamentation,interval_ngram_similarity,"{""n"": 2}",0.421053
547,01,ornamentation,longest_common_subsequence,{},0.625000
547,01,simplification,edit_distance,{},0.538462
547,01,simplification,interval_ngram_similarity,"{""n"": 2}",0.176471
547,01,simplification,longest_common_subsequence,{},0.538462
547,01,transpose,edit_distance,{},1.000000
547,01,transpose,interval_ngram_similarity,"{""n"": 2}",1.000000
547,01,transpose,longest_common_subsequence,{},1.000000
547,02,interval_modification,edit_distance,{},0.714286
547,02,interval_modification,interval_ngram_similarity,"{""n"": 2}",0.368421
547,02,interval_modification,longest_common_subsequence,{},0.785714
547,02,ornamentation,edit_distance,{},0.647059
547,02,ornamentation,interval_ngram_similarity,"{""n"": 2}",0.450000
547,02,ornamentation,longest_common_subsequence,{},0.647059
547,02,simplification,edit_distance,{},0.642857
547,02,simplification,interval_ngram_similarity,"{""n"": 2}",0.375000
547,02,simplification,longest_common_subsequence,{},0.642857
547,02,transpose,edit_distance,{},1.000000
547,02,transpose,interval_ngram_similarity,"{""n"": 2}",1.000000
547,02,transpose,longest_common_subsequence,{},1.000000
550,01,interval_modification,edit_distance,{},0.769231
550,01,interval_modification,interval_ngram_similarity,"{""n"": 2}",0.562500
550,01,interval_modification,longest_common_subsequence,{},0.769231
550,01,ornamentation,edit_distance,{},0.774194
550,01,ornamentation,interval_ngram_similarity,"{""n"": 2}",0.527778
550,01,ornamentation,longest_common_subsequence,{},0.774194
550,01,simplification,edit_distance,{},0.615385
550,01,simplification,interval_ngram_similarity,"{""n"": 2}",0.387097
550,01,simplification,longest_common_subsequence,{},0.615385
550,01,transpose,edit_distance,{},1.000000
550,01,transpose,interval_ngram_similarity,"{""n"": 2}",1.000000
550,01,transpose,longest_common_subsequence,{},1.000000
550,02,interval_modification,edit_distance,{},0.750000
550,02,interval_modification,interval_ngram_similarity,"{""n"": 2}",0.407407
550,02,interval_modification,longest_common_subsequence,{},0.750000
550,02,ornamentation,edit_distance,{},0.666667
550,02,ornamentation,interval_ngram_similarity,"{""n"": 2}",0.448276
550,02,ornamentation,longest_common_subsequence,{},0.666667
550,02,simplification,edit_distance,{},0.650000
550,02,simplification,interval_ngram_similarity,"{""n"": 2}",0.500000
550,02,simplification,longest_common_subsequence,{},0.650000
550,02,transpose,edit_distance,{},1.000000
550,02,transpose,interval_ngram_similarity,"{""n"": 2}",1.000000
550,02,transpose,longest_common_subsequence,{},1.000000
559,01,interval_modification,edit_distance,{},0.736842
559,01,interval_modification,interval_ngram_similarity,"{""n"": 2}",0.440000
559,01,interval_modification,longest_common_subsequence,{},0.736842
559,01,ornamentation,edit_distance,{},0.739130
559,01,ornamentation,interval_ngram_similarity,"{""n"": 2}",0.481481
559,01,ornamentation,longest_common_subsequence,{},0.739130
559,01,simplification,edit_distance,{},0.578947
559,01,simplification,interval_ngram_similarity,"{""n"": 2}",0.347826
559,01,simplification,longest_common_subsequence,{},0.578947
559,01,transpose,edit_distance,{},1.000000
559,01,transpose,interval_ngram_similarity,"{""n"": 2}",1.000000
559,01,transpose,longest_common_subsequence,{},1.000000
559,02,interval_modification,edit_distance,{},0.777778
559,02,interval_modification,interval_ngram_similarity,"{""n"": 2}",0.478261
559,02,interval_modification,longest_common_subsequence,{},0.777778
559,02,ornamentation,edit_distance,{},0.681818
559,02,ornamentation,interval_ngram_similarity,"{""n"": 2}",0.461538
559,02,ornamentation,longest_common_subsequence,{},0.681818
559,02,simplification,edit_distance,{},0.444444
559,02,simplification,interval_ngram_similarity,"{""n"": 2}",0.160000
559,02,simplification,longest_common_subsequence,{},0.444444
559,02,transpose,edit_distance,{},1.000000
559,02,transpose,interval_ngram_similarity,"{""n"": 2}",1.000000
559,02,transpose,longest_common_subsequence,{},1.000000
566,01,interval_modification,edit_distance,{},0.747475
566,01,interval_modification,interval_ngram_similarity,"{""n"": 2}",0.400000
566,01,interval_modification,longest_common_subsequence,{},0.747475
566,01,ornamentation,edit_distance,{},0.739496
566,01,ornamentation,interval_ngram_similarity,"{""n"": 2}",0.479452
566,01,ornamentation,longest_common_subsequence,{},0.739496
566,01,simplification,edit_distance,{},0.646465
566,01,simplification,interval_ngram_similarity,"{""n"": 2}",0.461538
566,01,simplification,longest_common_subsequence,{},0.646465
566,01,transpose,edit_distance,{},1.000000
566,01,transpose,interval_ngram_similarity,"{""n"": 2}",1.000000
566,01,transpose,longest_common_subsequence,{},1.000000
566,02,interval_modification,edit_distance,{},0.744186
566,02,interval_modification,interval_ngram_similarity,"{""n"": 2}",0.416667
566,02,interval_modification,longest_common_subsequence,{},0.744186
566,02,ornamentation,edit_distance,{},0.699029
566,02,ornamentation,interval_ngram_similarity,"{""n"": 2}",0.438462
566,02,ornamentation,longest_common_subsequence,{},0.699029
566,02,simplification,edit_distance,{},0.674419
566,02,simplification,interval_ngram_similarity,"{""n"": 2}",0.510204
566,02,simplification,longest_common_subsequence,{},0.674419
566,02,transpose,edit_distance,{},1.000000
566,02,transpose,interval_ngram_similarity,"{""n"": 2}",1.000000
566,02,transpose,longest_common_subsequence,{},1.000000
575,01,interval_modification,edit_distance,{},0.754386
575,01,interval_modification,interval_ngram_similarity,"{""n"": 2}",0.400000
575,01,interval_modification,longest_common_subsequence,{},0.754386
575,01,ornamentation,edit_distance,{},0.705882
575,01,ornamentation,interval_ngram_similarity,"{""n"": 2}",0.464286
575,01,ornamentation,longest_common_subsequence,{},0.705882
575,01,simplification,edit_distance,{},0.631579
575,01,simplification,interval_ngram_similarity,"{""n"": 2}",0.420290
575,01,simplification,longest_common_subsequence,{},0.631579
575,01,transpose,edit_distance,{},1.000000
575,01,transpose,interval_ngram_similarity,"{""n"": 2}",1.000000
575,01,transpose,longest_common_subsequence,{},1.000000
575,02,interval_modification,edit_distance,{},0.750000
575,02,interval_modification,interval_ngram_similarity,"{""n"": 2}",0.402985
575,02,interval_modification,longest_common_subsequence,{},0.750000
575,02,ornamentation,edit_distance,{},0.672414
575,02,ornamentation,interval_ngram_similarity,"{""n"": 2}",0.424658
575,02,ornamentation,longest_common_subsequence,{},0.672414
575,02,simplification,edit_distance,{},0.666667
575,02,simplification,interval_ngram_similarity,"{""n"": 2}",0.518519
575,02,simplification,longest_common_subsequence,{},0.666667
575,02,transpose,edit_distance,{},1.000000
575,02,transpose,interval_ngram_similarity,"{""n"": 2}",1.000000
575,02,transpose,longest_common_subsequence,{},1.000000
592,01,interval_modification,edit_distance,{},0.750000
592,01,interval_modification,interval_ngram_similarity,"{""n"": 2}",0.428571
592,01,interval_modification,longest_common_subsequence,{},0.750000
592,01,ornamentation,edit_distance,{},0.736842
592,01,ornamentation,interval_ngram_similarity,"{""n"": 2}",0.500000
592,01,ornamentation,longest_common_subsequence,{},0.736842
592,01,simplification,edit_distance,{},0.562500
592,01,simplification,interval_ngram_similarity,"{""n"": 2}",0.238095
592,01,simplification,longest_common_subsequence,{},0.562500
592,01,transpose,edit_distance,{},1.000000
592,01,transpose,interval_ngram_similarity,"{""n"": 2}",1.000000
592,01,transpose,longest_common_subsequence,{},1.000000
592,02,interval_modification,edit_distance,{},0.750000
592,02,interval_modification,interval_ngram_similarity,"{""n"": 2}",0.466667
592,02,interval_modification,longest_common_subsequence,{},0.750000
592,02,ornamentation,edit_distance,{},0.714286
592,02,ornamentation,interval_ngram_similarity,"{""n"": 2}",0.411765
592,02,ornamentation,longest_common_subsequence,{},0.714286
592,02,simplification,edit_distance,{},0.583333
592,02,simplification,interval_ngram_similarity,"{""n"": 2}",0.266667
592,02,simplification,longest_common_subsequence,{},0.666667
592,02,transpose,edit_distance,{},1.000000
592,02,transpose,interval_ngram_similarity,"{""n"": 2}",1.000000
592,02,transpose,longest_common_subsequence,{},1.000000
604,01,interval_modification,edit_distance,{},0.727273
604,01,interval_modification,interval_ngram_similarity,"{""n"": 2}",0.354839
604,01,interval_modification,longest_common_subsequence,{},0.727273
604,01,ornamentation,edit_distance,{},0.730769
604,01,ornamentation,interval_ngram_similarity,"{""n"": 2}",0.437500
604,01,ornamentation,longest_common_subsequence,{},0.730769
604,01,simplification,edit_distance,{},0.636364
604,01,simplification,interval_ngram_similarity,"{""n"": 2}",0.384615
604,01,simplification,longest_common_subsequence,{},0.636364
604,01,transpose,edit_distance,{},1.000000
604,01,transpose,interval_ngram_similarity,"{""n"": 2}",1.000000
604,01,transpose,longest_common_subsequence,{},1.000000
604,02,interval_modification,edit_distance,{},0.736842
604,02,interval_modification,interval_ngram_similarity,"{""n"": 2}",0.370370
604,02,interval_modification,longest_common_subsequence,{},0.736842
604,02,ornamentation,edit_distance,{},0.695652
604,02,ornamentation,interval_ngram_similarity,"{""n"": 2}",0.464286
604,02,ornamentation,longest_common_subsequence,{},0.695652
604,02,simplification,edit_distance,{},0.552632
604,02,simplification,interval_ngram_similarity,"{""n"": 2}",0.280000
604,02,simplification,longest_common_subsequence,{},0.578947
604,02,transpose,edit_distance,{},1.000000
604,02,transpose,interval_ngram_similarity,"{""n"": 2}",1.000000
604,02,transpose,longest_common_subsequence,{},1.000000
605,01,interval_modification,edit_distance,{},0.757576
605,01,interval_modification,interval_ngram_similarity,"{""n"": 2}",0.444444
605,01,interval_modification,longest_common_subsequence,{},0.757576
605,01,ornamentation,edit_distance,{},0.670886
605,01,ornamentation,interval_ngram_similarity,"{""n"": 2}",0.444444
605,01,ornamentation,longest_common_subsequence,{},0.670886
605,01,simplification,edit_distance,{},0.500000
605,01,simplification,interval_ngram_similarity,"{""n"": 2}",0.255556
605,01,simplification,longest_common_subsequence,{},0.515152
605,01,transpose,edit_distance,{},1.000000
605,01,transpose,interval_ngram_similarity,"{""n"": 2}",1.000000
605,01,transpose,longest_common_subsequence,{},1.000000
605,02,interval_modification,edit_distance,{},0.754717
605,02,interval_modification,interval_ngram_similarity,"{""n"": 2}",0.424658
605,02,interval_modification,longest_common_subsequence,{},0.754717
605,02,ornamentation,edit_distance,{},0.671875
605,02,ornamentation,interval_ngram_similarity,"{""n"": 2}",0.419753
605,02,ornamentation,longest_common_subsequence,{},0.671875
605,02,simplification,edit_distance,{},0.528302
605,02,simplification,interval_ngram_similarity,"{""n"": 2}",0.343284
605,02,simplification,longest_common_subsequence,{},0.528302
605,02,transpose,edit_distance,{},1.000000
605,02,transpose,interval_ngram_similarity,"{""n"": 2}",1.000000
605,02,transpose,longest_common_subsequence,{},1.000000
617,01,interval_modification,edit_distance,{},0.760000
617,01,interval_modification,interval_ngram_similarity,"{""n"": 2}",0.454545
617,01,interval_modification,longest_common_subsequence,{},0.760000
617,01,ornamentation,edit_distance,{},0.766667
617,01,ornamentation,interval_ngram_similarity,"{""n"": 2}",0.514286
617,01,ornamentation,longest_common_subsequence,{},0.766667
617,01,simplification,edit_distance,{},0.600000
617,01,simplification,interval_ngram_similarity,"{""n"": 2}",0.448276
617,01,simplification,longest_common_subsequence,{},0.640000
617,01,transpose,edit_distance,{},1.000000
617,01,transpose,interval_ngram_similarity,"{""n"": 2}",1.000000
617,01,transpose,longest_common_subsequence,{},1.000000
617,02,interval_modification,edit_distance,{},0.750000
617,02,interval_modification,interval_ngram_similarity,"{""n"": 2}",0.437500
617,02,interval_modification,longest_common_subsequence,{},0.791667
617,02,ornamentation,edit_distance,{},0.724138
617,02,ornamentation,interval_ngram_similarity,"{""n"": 2}",0.457143
617,02,ornamentation,longest_common_subsequence,{},0.724138
617,02,simplification,edit_distance,{},0.541667
617,02,simplification,interval_ngram_similarity,"{""n"": 2}",0.290323
617,02,simplification,longest_common_subsequence,{},0.541667
617,02,transpose,edit_distance,{},1.000000
617,02,transpose,interval_ngram_similarity,"{""n"": 2}",1.000000
617,02,transpose,longest_common_subsequence,{},1.000000
619,01,interval_modification,edit_distance,{},0.750000
619,01,interval_modification,interval_ngram_similarity,"{""n"": 2}",0.428571
619,01,interval_modification,longest_common_subsequence,{},0.750000
619,01,ornamentation,edit_distance,{},0.842105
619,01,ornamentation,interval_ngram_similarity,"{""n"": 2}",0.736842
619,01,ornamentation,longest_common_subsequence,{},0.842105
619,01,simplification,edit_distance,{},0.625000
619,01,simplification,interval_ngram_similarity,"{""n"": 2}",0.444444
619,01,simplification,longest_common_subsequence,{},0.625000
619,01,transpose,edit_distance,{},1.000000
619,01,transpose,interval_ngram_similarity,"{""n"": 2}",1.000000
619,01,transpose,longest_common_subsequence,{},1.000000
619,02,interval_modification,edit_distance,{},0.777778
619,02,interval_modification,interval_ngram_similarity,"{""n"": 2}",0.478261
619,02,interval_modification,longest_common_subsequence,{},0.777778
619,02,ornamentation,edit_distance,{},0.727273
619,02,ornamentation,interval_ngram_similarity,"{""n"": 2}",0.520000
619,02,ornamentation,longest_common_subsequence,{},0.727273
619,02,simplification,edit_distance,{},0.666667
619,02,simplification,interval_ngram_similarity,"{""n"": 2}",0.450000
619,02,simplification,longest_common_subsequence,{},0.666667
619,02,transpose,edit_distance,{},1.000000
619,02,transpose,interval_ngram_similarity,"{""n"": 2}",1.000000
619,02,transpose,longest_common_subsequence,{},1.000000
624,01,interval_modification,edit_distance,{},0.747126
624,01,interval_modification,interval_ngram_similarity,"{""n"": 2}",0.398374
624,01,interval_modification,longest_common_subsequence,{},0.747126
624,01,ornamentation,edit_distance,{},0.673077
624,01,ornamentation,interval_ngram_similarity,"{""n"": 2}",0.442748
624,01,ornamentation,longest_common_subsequence,{},0.682692
624,01,simplification,edit_distance,{},0.563218
624,01,simplification,interval_ngram_similarity,"{""n"": 2}",0.363636
624,01,simplification,longest_common_subsequence,{},0.563218
624,01,transpose,edit_distance,{},1.000000
624,01,transpose,interval_ngram_similarity,"{""n"": 2}",1.000000
624,01,transpose,longest_common_subsequence,{},1.000000
624,02,interval_modification,edit_distance,{},0.750000
624,02,interval_modification,interval_ngram_similarity,"{""n"": 2}",0.434629
624,02,interval_modification,longest_common_subsequence,{},0.764706
624,02,ornamentation,edit_distance,{},0.677551
624,02,ornamentation,interval_ngram_similarity,"{""n"": 2}",0.475248
624,02,ornamentation,longest_common_subsequence,{},0.681633
624,02,simplification,edit_distance,{},0.642157
624,02,simplification,interval_ngram_similarity,"{""n"": 2}",0.517094
624,02,simplification,longest_common_subsequence,{},0.647059
624,02,transpose,edit_distance,{},1.000000
624,02,transpose,interval_ngram_similarity,"{""n"": 2}",1.000000
624,02,transpose,longest_common_subsequence,{},1.000000
634,01,interval_modification,edit_distance,{},0.750000
634,01,interval_modification,interval_ngram_similarity,"{""n"": 2}",0.407407
634,01,interval_modification,longest_common_subsequence,{},0.750000
634,01,ornamentation,edit_distance,{},0.666667
634,01,ornamentation,interval_ngram_similarity,"{""n"": 2}",0.448276
634,01,ornamentation,longest_common_subsequence,{},0.708333
634,01,simplification,edit_distance,{},0.650000
634,01,simplification,interval_ngram_similarity,"{""n"": 2}",0.375000
634,01,simplification,longest_common_subsequence,{},0.650000
634,01,transpose,edit_distance,{},1.000000
634,01,transpose,interval_ngram_similarity,"{""n"": 2}",1.000000
634,01,transpose,longest_common_subsequence,{},1.000000
634,02,interval_modification,edit_distance,{},0.769231
634,02,interval_modification,interval_ngram_similarity,"{""n"": 2}",0.500000
634,02,interval_modification,longest_common_subsequence,{},0.769231
634,02,ornamentation,edit_distance,{},0.687500
634,02,ornamentation,interval_ngram_similarity,"{""n"": 2}",0.421053
634,02,ornamentation,longest_common_subsequence,{},0.687500
634,02,simplification,edit_distance,{},0.538462
634,02,simplification,interval_ngram_similarity,"{""n"": 2}",0.250000
634,02,simplification,longest_common_subsequence,{},0.538462
634,02,transpose,edit_distance,{},1.000000
634,02,transpose,interval_ngram_similarity,"{""n"": 2}",1.000000
634,02,transpose,longest_common_subsequence,{},1.000000
644,01,interval_modification,edit_distance,{},0.750000
644,01,interval_modification,interval_ngram_similarity,"{""n"": 2}",0.372549
644,01,interval_modification,longest_common_subsequence,{},0.750000
644,01,ornamentation,edit_distance,{},0.720930
644,01,ornamentation,interval_ngram_similarity,"{""n"": 2}",0.452830
644,01,ornamentation,longest_common_subsequence,{},0.720930
644,01,simplification,edit_distance,{},0.555556
644,01,simplification,interval_ngram_similarity,"{""n"": 2}",0.297872
644,01,simplification,longest_common_subsequence,{},0.555556
644,01,transpose,edit_distance,{},1.000000
644,01,transpose,interval_ngram_similarity,"{""n"": 2}",1.000000
644,01,transpose,longest_common_subsequence,{},1.000000
644,02,interval_modification,edit_distance,{},0.750000
644,02,interval_modification,interval_ngram_similarity,"{""n"": 2}",0.418182
644,02,interval_modification,longest_common_subsequence,{},0.750000
644,02,ornamentation,edit_distance,{},0.666667
644,02,ornamentation,interval_ngram_similarity,"{""n"": 2}",0.457627
644,02,ornamentation,longest_common_subsequence,{},0.666667
644,02,simplification,edit_distance,{},0.575000
644,02,simplification,interval_ngram_similarity,"{""n"": 2}",0.333333
644,02,simplification,longest_common_subsequence,{},0.575000
644,02,transpose,edit_distance,{},1.000000
644,02,transpose,interval_ngram_similarity,"{""n"": 2}",1.000000
644,02,transpose,longest_common_subsequence,{},1.000000
651,01,interval_modification,edit_distance,{},0.758621
651,01,interval_modification,interval_ngram_similarity,"{""n"": 2}",0.400000
651,01,interval_modification,longest_common_subsequence,{},0.758621
651,01,ornamentation,edit_distance,{},0.714286
651,01,ornamentation,interval_ngram_similarity,"{""n"": 2}",0.441860
651,01,ornamentation,longest_common_subsequence,{},0.714286
651,01,simplification,edit_distance,{},0.655172
651,01,simplification,interval_ngram_similarity,"{""n"": 2}",0.500000
651,01,simplification,longest_common_subsequence,{},0.655172
651,01,transpose,edit_distance,{},1.000000
651,01,transpose,interval_ngram_similarity,"{""n"": 2}",1.000000
651,01,transpose,longest_common_subsequence,{},1.000000
651,02,interval_modification,edit_distance,{},0.750000
651,02,interval_modification,interval_ngram_similarity,"{""n"": 2}",0.409091
651,02,interval_modification,longest_common_subsequence,{},0.750000
651,02,ornamentation,edit_distance,{},0.684211
651,02,ornamentation,interval_ngram_similarity,"{""n"": 2}",0.478261
651,02,ornamentation,longest_common_subsequence,{},0.684211
651,02,simplification,edit_distance,{},0.625000
651,02,simplification,interval_ngram_similarity,"{""n"": 2}",0.350000
651,02,simplification,longest_common_subsequence,{},0.625000
651,02,transpose,edit_distance,{},1.000000
651,02,transpose,interval_ngram_similarity,"{""n"": 2}",1.000000
651,02,transpose,longest_common_subsequence,{},1.000000
655,01,interval_modification,edit_distance,{},0.750000
655,01,interval_modification,interval_ngram_similarity,"{""n"": 2}",0.466667
655,01,interval_modification,longest_common_subsequence,{},0.750000
655,01,ornamentation,edit_distance,{},0.714286
655,01,ornamentation,interval_ngram_similarity,"{""n"": 2}",0.411765
655,01,ornamentation,longest_common_subsequence,{},0.714286
655,01,simplification,edit_distance,{},0.666667
655,01,simplification,interval_ngram_similarity,"{""n"": 2}",0.461538
655,01,simplification,longest_common_subsequence,{},0.666667
655,01,transpose,edit_distance,{},1.000000
655,01,transpose,interval_ngram_similarity,"{""n"": 2}",1.000000
655,01,transpose,longest_common_subsequence,{},1.000000
655,02,interval_modification,edit_distance,{},0.750000
655,02,interval_modification,interval_ngram_similarity,"{""n"": 2}",0.428571
655,02,interval_modification,longest_common_subsequence,{},0.750000
655,02,ornamentation,edit_distance,{},0.684211
655,02,ornamentation,interval_ngram_similarity,"{""n"": 2}",0.434783
655,02,ornamentation,longest_common_subsequence,{},0.684211
655,02,simplification,edit_distance,{},0.625000
655,02,simplification,interval_ngram_similarity,"{""n"": 2}",0.368421
655,02,simplification,longest_common_subsequence,{},0.625000
655,02,transpose,edit_distance,{},1.000000
655,02,transpose,interval_ngram_similarity,"{""n"": 2}",1.000000
655,02,transpose,longest_common_subsequence,{},1.000000
664,01,interval_modification,edit_distance,{},0.714286
664,01,interval_modification,interval_ngram_similarity,"{""n"": 2}",0.444444
664,01,interval_modification,longest_common_subsequence,{},0.714286
664,01,ornamentation,edit_distance,{},0.705882
664,01,ornamentation,interval_ngram_similarity,"{""n"": 2}",0.526316
664,01,ornamentation,longest_common_subsequence,{},0.705882
664,01,simplification,edit_distance,{},0.642857
664,01,simplification,interval_ngram_similarity,"{""n"": 2}",0.466667
664,01,simplification,longest_common_subsequence,{},0.642857
664,01,transpose,edit_distance,{},1.000000
664,01,transpose,interval_ngram_similarity,"{""n"": 2}",1.000000
664,01,transpose,longest_common_subsequence,{},1.000000
664,02,interval_modification,edit_distance,{},0.733333
664,02,interval_modification,interval_ngram_similarity,"{""n"": 2}",0.473684
664,02,interval_modification,longest_common_subsequence,{},0.800000
664,02,ornamentation,edit_distance,{},0.666667
664,02,ornamentation,interval_ngram_similarity,"{""n"": 2}",0.476190
664,02,ornamentation,longest_common_subsequence,{},0.666667
664,02,simplification,edit_distance,{},0.666667
664,02,simplification,interval_ngram_similarity,"{""n"": 2}",0.411765
664,02,simplification,longest_common_subsequence,{},0.666667
664,02,transpose,edit_distance,{},1.000000
664,02,transpose,interval_ngram_similarity,"{""n"": 2}",1.000000
664,02,transpose,longest_common_subsequence,{},1.000000
666,01,interval_modification,edit_distance,{},0.736842
666,01,interval_modification,interval_ngram_similarity,"{""n"": 2}",0.440000
666,01,interval_modification,longest_common_subsequence,{},0.736842
666,01,ornamentation,edit_distance,{},0.652174
666,01,ornamentation,interval_ngram_similarity,"{""n"": 2}",0.428571
666,01,ornamentation,longest_common_subsequence,{},0.652174
666,01,simplification,edit_distance,{},0.578947
666,01,simplification,interval_ngram_similarity,"{""n"": 2}",0.291667
666,01,simplification,longest_common_subsequence,{},0.578947
666,01,transpose,edit_distance,{},1.000000
666,01,transpose,interval_ngram_similarity,"{""n"": 2}",1.000000
666,01,transpose,longest_common_subsequence,{},1.000000
666,02,interval_modification,edit_distance,{},0.727273
666,02,interval_modification,interval_ngram_similarity,"{""n"": 2}",0.354839
666,02,interval_modification,longest_common_subsequence,{},0.727273
666,02,ornamentation,edit_distance,{},0.769231
666,02,ornamentation,interval_ngram_similarity,"{""n"": 2}",0.586207
666,02,ornamentation,longest_common_subsequence,{},0.769231
666,02,simplification,edit_distance,{},0.636364
666,02,simplification,interval_ngram_similarity,"{""n"": 2}",0.333333
666,02,simplification,longest_common_subsequence,{},0.636364
666,02,transpose,edit_distance,{},1.000000
666,02,transpose,interval_ngram_similarity,"{""n"": 2}",1.000000
666,02,transpose,longest_common_subsequence,{},1.000000
678,01,interval_modification,edit_distance,{},0.750000
678,01,interval_modification,interval_ngram_similarity,"{""n"": 2}",0.407407
678,01,interval_modification,longest_common_subsequence,{},0.750000
678,01,ornamentation,edit_distance,{},0.666667
678,01,ornamentation,interval_ngram_similarity,"{""n"": 2}",0.448276
678,01,ornamentation,longest_common_subsequence,{},0.666667
678,01,simplification,edit_distance,{},0.600000
678,01,simplification,interval_ngram_similarity,"{""n"": 2}",0.320000
678,01,simplification,longest_common_subsequence,{},0.600000
678,01,transpose,edit_distance,{},1.000000
678,01,transpose,interval_ngram_similarity,"{""n"": 2}",1.000000
678,01,transpose,longest_common_subsequence,{},1.000000
678,02,interval_modification,edit_distance,{},0.739130
678,02,interval_modification,interval_ngram_similarity,"{""n"": 2}",0.375000
678,02,interval_modification,longest_common_subsequence,{},0.739130
678,02,ornamentation,edit_distance,{},0.642857
678,02,ornamentation,interval_ngram_similarity,"{""n"": 2}",0.400000
678,02,ornamentation,longest_common_subsequence,{},0.642857
678,02,simplification,edit_distance,{},0.608696
678,02,simplification,interval_ngram_similarity,"{""n"": 2}",0.407407
678,02,simplification,longest_common_subsequence,{},0.608696
678,02,transpose,edit_distance,{},1.000000
678,02,transpose,interval_ngram_similarity,"{""n"": 2}",1.000000
678,02,transpose,longest_common_subsequence,{},1.000000
687,01,interval_modification,edit_distance,{},0.750000
687,01,interval_modification,interval_ngram_similarity,"{""n"": 2}",0.428571
687,01,interval_modification,longest_common_subsequence,{},0.750000
687,01,ornamentation,edit_distance,{},0.684211
687,01,ornamentation,interval_ngram_similarity,"{""n"": 2}",0.434783
687,01,ornamentation,longest_common_subsequence,{},0.684211
687,01,simplification,edit_distance,{},0.562500
687,01,simplification,interval_ngram_similarity,"{""n"": 2}",0.368421
687,01,simplification,longest_common_subsequence,{},0.562500
687,01,transpose,edit_distance,{},1.000000
687,01,transpose,interval_ngram_similarity,"{""n"": 2}",1.000000
687,01,transpose,longest_common_subsequence,{},1.000000
687,02,interval_modification,edit_distance,{},0.777778
687,02,interval_modification,interval_ngram_similarity,"{""n"": 2}",0.478261
687,02,interval_modification,longest_common_subsequence,{},0.777778
687,02,ornamentation,edit_distance,{},0.681818
687,02,ornamentation,interval_ngram_similarity,"{""n"": 2}",0.520000
687,02,ornamentation,longest_common_subsequence,{},0.681818
687,02,simplification,edit_distance,{},0.666667
687,02,simplification,interval_ngram_similarity,"{""n"": 2}",0.450000
687,02,simplification,longest_common_subsequence,{},0.666667
687,02,transpose,edit_distance,{},1.000000
687,02,transpose,interval_ngram_similarity,"{""n"": 2}",1.000000
687,02,transpose,longest_common_subsequence,{},1.000000
693,01,interval_modification,edit_distance,{},0.750000
693,01,interval_modification,interval_ngram_similarity,"{""n"": 2}",0.407407
693,01,interval_modification,longest_common_subsequence,{},0.800000
693,01,ornamentation,edit_distance,{},0.750000
693,01,ornamentation,interval_ngram_similarity,"{""n"": 2}",0.500000
693,01,ornamentation,longest_common_subsequence,{},0.750000
693,01,simplification,edit_distance,{},0.700000
693,01,simplification,interval_ngram_similarity,"{""n"": 2}",0.434783
693,01,simplification,longest_common_subsequence,{},0.700000
693,01,transpose,edit_distance,{},1.000000
693,01,transpose,interval_ngram_similarity,"{""n"": 2}",1.000000
693,01,transpose,longest_common_subsequence,{},1.000000
693,02,interval_modification,edit_distance,{},0.769231
693,02,interval_modification,interval_ngram_similarity,"{""n"": 2}",0.470588
693,02,interval_modification,longest_common_subsequence,{},0.769231
693,02,ornamentation,edit_distance,{},0.709677
693,02,ornamentation,interval_ngram_similarity,"{""n"": 2}",0.447368
693,02,ornamentation,longest_common_subsequence,{},0.709677
693,02,simplification,edit_distance,{},0.615385
693,02,simplification,interval_ngram_similarity,"{""n"": 2}",0.387097
693,02,simplification,longest_common_subsequence,{},0.615385
693,02,transpose,edit_distance,{},1.000000
693,02,transpose,interval_ngram_similarity,"{""n"": 2}",1.000000
693,02,transpose,longest_common_subsequence,{},1.000000
700,01,interval_modification,edit_distance,{},0.764706
700,01,interval_modification,interval_ngram_similarity,"{""n"": 2}",0.454545
700,01,interval_modification,longest_common_subsequence,{},0.764706
700,01,ornamentation,edit_distance,{},0.700000
700,01,ornamentation,interval_ngram_similarity,"{""n"": 2}",0.458333
700,01,ornamentation,longest_common_subsequence,{},0.700000
700,01,simplification,edit_distance,{},0.529412
700,01,simplification,interval_ngram_similarity,"{""n"": 2}",0.333333
700,01,simplification,longest_common_subsequence,{},0.529412
700,01,transpose,edit_distance,{},1.000000
700,01,transpose,interval_ngram_similarity,"{""n"": 2}",1.000000
700,01,transpose,longest_common_subsequence,{},1.000000
700,02,interval_modification,edit_distance,{},0.750000
700,02,interval_modification,interval_ngram_similarity,"{""n"": 2}",0.428571
700,02,interval_modification,longest_common_subsequence,{},0.750000
700,02,ornamentation,edit_distance,{},0.789474
700,02,ornamentation,interval_ngram_similarity,"{""n"": 2}",0.571429
700,02,ornamentation,longest_common_subsequence,{},0.789474
700,02,simplification,edit_distance,{},0.562500
700,02,simplification,interval_ngram_similarity,"{""n"": 2}",0.300000
700,02,simplification,longest_common_subsequence,{},0.562500
700,02,transpose,edit_distance,{},1.000000
700,02,transpose,interval_ngram_similarity,"{""n"": 2}",1.000000
700,02,transpose,longest_common_subsequence,{},1.000000
715,01,interval_modification,edit_distance,{},0.739130
715,01,interval_modification,interval_ngram_similarity,"{""n"": 2}",0.375000
715,01,interval_modification,longest_common_subsequence,{},0.739130
715,01,ornamentation,edit_distance,{},0.678571
715,01,ornamentation,interval_ngram_similarity,"{""n"": 2}",0.400000
715,01,ornamentation,longest_common_subsequence,{},0.678571
715,01,simplification,edit_distance,{},0.608696
715,01,simplification,interval_ngram_similarity,"{""n"": 2}",0.407407
715,01,simplification,longest_common_subsequence,{},0.608696
715,01,transpose,edit_distance,{},1.000000
715,01,transpose,interval_ngram_similarity,"{""n"": 2}",1.000000
715,01,transpose,longest_common_subsequence,{},1.000000
715,02,interval_modification,edit_distance,{},0.733333
715,02,interval_modification,interval_ngram_similarity,"{""n"": 2}",0.473684
715,02,interval_modification,longest_common_subsequence,{},0.733333
715,02,ornamentation,edit_distance,{},0.666667
715,02,ornamentation,interval_ngram_similarity,"{""n"": 2}",0.476190
715,02,ornamentation,longest_common_subsequence,{},0.666667
715,02,simplification,edit_distance,{},0.466667
715,02,simplification,interval_ngram_similarity,"{""n"": 2}",0.142857
715,02,simplification,longest_common_subsequence,{},0.466667
715,02,transpose,edit_distance,{},1.000000
715,02,transpose,interval_ngram_similarity,"{""n"": 2}",1.000000
715,02,transpose,longest_common_subsequence,{},1.000000
719,01,interval_modification,edit_distance,{},0.740741
719,01,interval_modification,interval_ngram_similarity,"{""n"": 2}",0.444444
719,01,interval_modification,longest_common_subsequence,{},0.740741
719,01,ornamentation,edit_distance,{},0.687500
719,01,ornamentation,interval_ngram_similarity,"{""n"": 2}",0.425000
719,01,ornamentation,longest_common_subsequence,{},0.687500
719,01,simplification,edit_distance,{},0.629630
719,01,simplification,interval_ngram_similarity,"{""n"": 2}",0.451613
719,01,simplification,longest_common_subsequence,{},0.666667
719,01,transpose,edit_distance,{},1.000000
719,01,transpose,interval_ngram_similarity,"{""n"": 2}",1.000000
719,01,transpose,longest_common_subsequence,{},1.000000
719,02,interval_modification,edit_distance,{},0.740741
719,02,interval_modification,interval_ngram_similarity,"{""n"": 2}",0.444444
719,02,interval_modification,longest_common_subsequence,{},0.740741
719,02,ornamentation,edit_distance,{},0.687500
719,02,ornamentation,interval_ngram_similarity,"{""n"": 2}",0.425000
719,02,ornamentation,longest_common_subsequence,{},0.687500
719,02,simplification,edit_distance,{},0.629630
719,02,simplification,interval_ngram_similarity,"{""n"": 2}",0.500000
719,02,simplification,longest_common_subsequence,{},0.666667
719,02,transpose,edit_distance,{},1.000000
719,02,transpose,interval_ngram_similarity,"{""n"": 2}",1.000000
719,02,transpose,longest_common_subsequence,{},1.000000
722,01,interval_modification,edit_distance,{},0.741935
722,01,interval_modification,interval_ngram_similarity,"{""n"": 2}",0.395349
722,01,interval_modification,longest_common_subsequence,{},0.741935
722,01,ornamentation,edit_distance,{},0.675676
722,01,ornamentation,interval_ngram_similarity,"{""n"": 2}",0.434783
722,01,ornamentation,longest_common_subsequence,{},0.675676
722,01,simplification,edit_distance,{},0.580645
722,01,simplification,interval_ngram_similarity,"{""n"": 2}",0.333333
722,01,simplification,longest_common_subsequence,{},0.580645
722,01,transpose,edit_distance,{},1.000000
722,01,transpose,interval_ngram_similarity,"{""n"": 2}",1.000000
722,01,transpose,longest_common_subsequence,{},1.000000
722,02,interval_modification,edit_distance,{},0.750000
722,02,interval_modification,interval_ngram_similarity,"{""n"": 2}",0.409091
722,02,interval_modification,longest_common_subsequence,{},0.750000
722,02,ornamentation,edit_distance,{},0.710526
722,02,ornamentation,interval_ngram_similarity,"{""n"": 2}",0.511111
722,02,ornamentation,longest_common_subsequence,{},0.710526
722,02,simplification,edit_distance,{},0.500000
722,02,simplification,interval_ngram_similarity,"{""n"": 2}",0.255814
722,02,simplification,longest_common_subsequence,{},0.500000
722,02,transpose,edit_distance,{},1.000000
722,02,transpose,interval_ngram_similarity,"{""n"": 2}",1.000000
722,02,transpose,longest_common_subsequence,{},1.000000
734,01,interval_modification,edit_distance,{},0.750000
734,01,interval_modification,interval_ngram_similarity,"{""n"": 2}",0.441860
734,01,interval_modification,longest_common_subsequence,{},0.750000
734,01,ornamentation,edit_distance,{},0.815789
734,01,ornamentation,interval_ngram_similarity,"{""n"": 2}",0.619048
734,01,ornamentation,longest_common_subsequence,{},0.815789
734,01,simplification,edit_distance,{},0.656250
734,01,simplification,interval_ngram_similarity,"{""n"": 2}",0.421053
734,01,simplification,longest_common_subsequence,{},0.656250
734,01,transpose,edit_distance,{},1.000000
734,01,transpose,interval_ngram_similarity,"{""n"": 2}",1.000000
734,01,transpose,longest_common_subsequence,{},1.000000
734,02,interval_modification,edit_distance,{},0.750000
734,02,interval_modification,interval_ngram_similarity,"{""n"": 2}",0.441860
734,02,interval_modification,longest_common_subsequence,{},0.750000
734,02,ornamentation,edit_distance,{},0.736842
734,02,ornamentation,interval_ngram_similarity,"{""n"": 2}",0.511111
734,02,ornamentation,longest_common_subsequence,{},0.736842
734,02,simplification,edit_distance,{},0.687500
734,02,simplification,interval_ngram_similarity,"{""n"": 2}",0.459459
734,02,simplification,longest_common_subsequence,{},0.687500
734,02,transpose,edit_distance,{},1.000000
734,02,transpose,interval_ngram_similarity,"{""n"": 2}",1.000000
734,02,transpose,longest_common_subsequence,{},1.000000
748,01,interval_modification,edit_distance,{},0.750000
748,01,interval_modification,interval_ngram_similarity,"{""n"": 2}",0.409091
748,01,interval_modification,longest_common_subsequence,{},0.750000
748,01,ornamentation,edit_distance,{},0.684211
748,01,ornamentation,interval_ngram_similarity,"{""n"": 2}",0.478261
748,01,ornamentation,longest_common_subsequence,{},0.684211
748,01,simplification,edit_distance,{},0.718750
748,01,simplification,interval_ngram_similarity,"{""n"": 2}",0.588235
748,01,simplification,longest_common_subsequence,{},0.718750
748,01,transpose,edit_distance,{},1.000000
748,01,transpose,interval_ngram_similarity,"{""n"": 2}",1.000000
748,01,transpose,longest_common_subsequence,{},1.000000
748,02,interval_modification,edit_distance,{},0.761905
748,02,interval_modification,interval_ngram_similarity,"{""n"": 2}",0.481481
748,02,interval_modification,longest_common_subsequence,{},0.761905
748,02,ornamentation,edit_distance,{},0.760000
748,02,ornamentation,interval_ngram_similarity,"{""n"": 2}",0.517241
748,02,ornamentation,longest_common_subsequence,{},0.760000
748,02,simplification,edit_distance,{},0.523810
748,02,simplification,interval_ngram_similarity,"{""n"": 2}",0.360000
748,02,simplification,longest_common_subsequence,{},0.523810
748,02,transpose,edit_distance,{},1.000000
748,02,transpose,interval_ngram_similarity,"{""n"": 2}",1.000000
748,02,transpose,longest_common_subsequence,{},1.000000
755,01,interval_modification,edit_distance,{},0.739130
755,01,interval_modification,interval_ngram_similarity,"{""n"": 2}",0.375000
755,01,interval_modification,longest_common_subsequence,{},0.739130
755,01,ornamentation,edit_distance,{},0.642857
755,01,ornamentation,interval_ngram_similarity,"{""n"": 2}",0.400000
755,01,ornamentation,longest_common_subsequence,{},0.642857
755,01,simplification,edit_distance,{},0.565217
755,01,simplification,interval_ngram_similarity,"{""n"": 2}",0.310345
755,01,simplification,longest_common_subsequence,{},0.565217
755,01,transpose,edit_distance,{},1.000000
755,01,transpose,interval_ngram_similarity,"{""n"": 2}",1.000000
755,01,transpose,longest_common_subsequence,{},1.000000
755,02,interval_modification,edit_distance,{},0.750000
755,02,interval_modification,interval_ngram_similarity,"{""n"": 2}",0.428571
755,02,interval_modification,longest_common_subsequence,{},0.750000
755,02,ornamentation,edit_distance,{},0.684211
755,02,ornamentation,interval_ngram_similarity,"{""n"": 2}",0.434783
755,02,ornamentation,longest_common_subsequence,{},0.684211
755,02,simplification,edit_distance,{},0.750000
755,02,simplification,interval_ngram_similarity,"{""n"": 2}",0.625000
755,02,simplification,longest_common_subsequence,{},0.750000
755,02,transpose,edit_distance,{},1.000000
755,02,transpose,interval_ngram_similarity,"{""n"": 2}",1.000000
755,02,transpose,longest_common_subsequence,{},1.000000
759,01,interval_modification,edit_distance,{},0.750000
759,01,interval_modification,interval_ngram_similarity,"{""n"": 2}",0.428571
759,01,interval_modification,longest_common_subsequence,{},0.750000
759,01,ornamentation,edit_distance,{},0.684211
759,01,ornamentation,interval_ngram_similarity,"{""n"": 2}",0.434783
759,01,ornamentation,longest_common_subsequence,{},0.684211
759,01,simplification,edit_distance,{},0.500000
759,01,simplification,interval_ngram_similarity,"{""n"": 2}",0.238095
759,01,simplification,longest_common_subsequence,{},0.500000
759,01,transpose,edit_distance,{},1.000000
759,01,transpose,interval_ngram_similarity,"{""n"": 2}",1.000000
759,01,transpose,longest_common_subsequence,{},1.000000
759,02,interval_modification,edit_distance,{},0.750000
759,02,interval_modification,interval_ngram_similarity,"{""n"": 2}",0.428571
759,02,interval_modification,longest_common_subsequence,{},0.750000
759,02,ornamentation,edit_distance,{},0.736842
759,02,ornamentation,interval_ngram_similarity,"{""n"": 2}",0.434783
759,02,ornamentation,longest_common_subsequence,{},0.736842
759,02,simplification,edit_distance,{},0.562500
759,02,simplification,interval_ngram_similarity,"{""n"": 2}",0.238095
759,02,simplification,longest_common_subsequence,{},0.562500
759,02,transpose,edit_distance,{},1.000000
759,02,transpose,interval_ngram_similarity,"{""n"": 2}",1.000000
759,02,transpose,longest_common_subsequence,{},1.000000
760,01,interval_modification,edit_distance,{},0.777778
760,01,interval_modification,interval_ngram_similarity,"{""n"": 2}",0.478261
760,01,interval_modification,longest_common_subsequence,{},0.777778
760,01,ornamentation,edit_distance,{},0.772727
760,01,ornamentation,interval_ngram_similarity,"{""n"": 2}",0.583333
760,01,ornamentation,longest_common_subsequence,{},0.772727
760,01,simplification,edit_distance,{},0.611111
760,01,simplification,interval_ngram_similarity,"{""n"": 2}",0.260870
760,01,simplification,longest_common_subsequence,{},0.611111
760,01,transpose,edit_distance,{},1.000000
760,01,transpose,interval_ngram_similarity,"{""n"": 2}",1.000000
760,01,transpose,longest_common_subsequence,{},1.000000
760,02,interval_modification,edit_distance,{},0.764706
760,02,interval_modification,interval_ngram_similarity,"{""n"": 2}",0.454545
760,02,interval_modification,longest_common_subsequence,{},0.764706
760,02,ornamentation,edit_distance,{},0.800000
760,02,ornamentation,interval_ngram_similarity,"{""n"": 2}",0.590909
760,02,ornamentation,longest_common_subsequence,{},0.800000
760,02,simplification,edit_distance,{},0.647059
760,02,simplification,interval_ngram_similarity,"{""n"": 2}",0.400000
760,02,simplification,longest_common_subsequence,{},0.647059
760,02,transpose,edit_distance,{},1.000000
760,02,transpose,interval_ngram_similarity,"{""n"": 2}",1.000000
760,02,transpose,longest_common_subsequence,{},1.000000
778,01,interval_modification,edit_distance,{},0.750000
778,01,interval_modification,interval_ngram_similarity,"{""n"": 2}",0.409091
778,01,interval_modification,longest_common_subsequence,{},0.750000
778,01,ornamentation,edit_distance,{},0.684211
778,01,ornamentation,interval_ngram_similarity,"{""n"": 2}",0.478261
778,01,ornamentation,longest_common_subsequence,{},0.684211
778,01,simplification,edit_distance,{},0.625000
778,01,simplification,interval_ngram_similarity,"{""n"": 2}",0.350000
778,01,simplification,longest_common_subsequence,{},0.625000
778,01,transpose,edit_distance,{},1.000000
778,01,transpose,interval_ngram_similarity,"{""n"": 2}",1.000000
778,01,transpose,longest_common_subsequence,{},1.000000
778,02,interval_modification,edit_distance,{},0.750000
778,02,interval_modification,interval_ngram_similarity,"{""n"": 2}",0.409091
778,02,interval_modification,longest_common_subsequence,{},0.750000
778,02,ornamentation,edit_distance,{},0.710526
778,02,ornamentation,interval_ngram_similarity,"{""n"": 2}",0.511111
778,02,ornamentation,longest_common_subsequence,{},0.710526
778,02,simplification,edit_distance,{},0.625000
778,02,simplification,interval_ngram_similarity,"{""n"": 2}",0.384615
778,02,simplification,longest_common_subsequence,{},0.625000
778,02,transpose,edit_distance,{},1.000000
778,02,transpose,interval_ngram_similarity,"{""n"": 2}",1.000000
778,02,transpose,longest_common_subsequence,{},1.000000
782,01,interval_modification,edit_distance,{},0.764706
782,01,interval_modification,interval_ngram_similarity,"{""n"": 2}",0.454545
782,01,interval_modification,longest_common_subsequence,{},0.764706
782,01,ornamentation,edit_distance,{},0.700000
782,01,ornamentation,interval_ngram_similarity,"{""n"": 2}",0.458333
782,01,ornamentation,longest_common_subsequence,{},0.700000
782,01,simplification,edit_distance,{},0.529412
782,01,simplification,interval_ngram_similarity,"{""n"": 2}",0.272727
782,01,simplification,longest_common_subsequence,{},0.529412
782,01,transpose,edit_distance,{},1.000000
782,01,transpose,interval_ngram_similarity,"{""n"": 2}",1.000000
782,01,transpose,longest_common_subsequence,{},1.000000
782,02,interval_modification,edit_distance,{},0.750000
782,02,interval_modification,interval_ngram_similarity,"{""n"": 2}",0.428571
782,02,interval_modification,longest_common_subsequence,{},0.750000
782,02,ornamentation,edit_distance,{},0.684211
782,02,ornamentation,interval_ngram_similarity,"{""n"": 2}",0.434783
782,02,ornamentation,longest_common_subsequence,{},0.684211
782,02,simplification,edit_distance,{},0.500000
782,02,simplification,interval_ngram_similarity,"{""n"": 2}",0.181818
782,02,simplification,longest_common_subsequence,{},0.500000
782,02,transpose,edit_distance,{},1.000000
782,02,transpose,interval_ngram_similarity,"{""n"": 2}",1.000000
782,02,transpose,longest_common_subsequence,{},1.000000
792,01,interval_modification,edit_distance,{},0.733333
792,01,interval_modification,interval_ngram_similarity,"{""n"": 2}",0.473684
792,01,interval_modification,longest_common_subsequence,{},0.733333
792,01,ornamentation,edit_distance,{},0.666667
792,01,ornamentation,interval_ngram_similarity,"{""n"": 2}",0.476190
792,01,ornamentation,longest_common_subsequence,{},0.666667
792,01,simplification,edit_distance,{},0.600000
792,01,simplification,interval_ngram_similarity,"{""n"": 2}",0.263158
792,01,simplification,longest_common_subsequence,{},0.600000
792,01,transpose,edit_distance,{},1.000000
792,01,transpose,interval_ngram_similarity,"{""n"": 2}",1.000000
792,01,transpose,longest_common_subsequence,{},1.000000
792,02,interval_modification,edit_distance,{},0.736842
792,02,interval_modification,interval_ngram_similarity,"{""n"": 2}",0.370370
792,02,interval_modification,longest_common_subsequence,{},0.736842
792,02,ornamentation,edit_distance,{},0.717391
792,02,ornamentation,interval_ngram_similarity,"{""n"": 2}",0.464286
792,02,ornamentation,longest_common_subsequence,{},0.717391
792,02,simplification,edit_distance,{},0.631579
792,02,simplification,interval_ngram_similarity,"{""n"": 2}",0.488372
792,02,simplification,longest_common_subsequence,{},0.631579
792,02,transpose,edit_distance,{},1.000000
792,02,transpose,interval_ngram_similarity,"{""n"": 2}",1.000000
792,02,transpose,longest_common_subsequence,{},1.000000
825,01,interval_modification,edit_distance,{},0.750000
825,01,interval_modification,interval_ngram_similarity,"{""n"": 2}",0.428571
825,01,interval_modification,longest_common_subsequence,{},0.750000
825,01,ornamentation,edit_distance,{},0.684211
825,01,ornamentation,interval_ngram_similarity,"{""n"": 2}",0.434783
825,01,ornamentation,longest_common_subsequence,{},0.684211
825,01,simplification,edit_distance,{},0.625000
825,01,simplification,interval_ngram_similarity,"{""n"": 2}",0.368421
825,01,simplification,longest_common_subsequence,{},0.625000
825,01,transpose,edit_distance,{},1.000000
825,01,transpose,interval_ngram_similarity,"{""n"": 2}",1.000000
825,01,transpose,longest_common_subsequence,{},1.000000
825,02,interval_modification,edit_distance,{},0.750000
825,02,interval_modification,interval_ngram_similarity,"{""n"": 2}",0.428571
825,02,interval_modification,longest_common_subsequence,{},0.750000
825,02,ornamentation,edit_distance,{},0.789474
825,02,ornamentation,interval_ngram_similarity,"{""n"": 2}",0.571429
825,02,ornamentation,longest_common_subsequence,{},0.789474
825,02,simplification,edit_distance,{},0.750000
825,02,simplification,interval_ngram_similarity,"{""n"": 2}",0.733333
825,02,simplification,longest_common_subsequence,{},0.750000
825,02,transpose,edit_distance,{},1.000000
825,02,transpose,interval_ngram_similarity,"{""n"": 2}",1.000000
825,02,transpose,longest_common_subsequence,{},1.000000
826,01,interval_modification,edit_distance,{},0.769231
826,01,interval_modification,interval_ngram_similarity,"{""n"": 2}",0.470588
826,01,interval_modification,longest_common_subsequence,{},0.769231
826,01,ornamentation,edit_distance,{},0.677419
826,01,ornamentation,interval_ngram_similarity,"{""n"": 2}",0.410256
826,01,ornamentation,longest_common_subsequence,{},0.677419
826,01,simplification,edit_distance,{},0.653846
826,01,simplification,interval_ngram_similarity,"{""n"": 2}",0.387097
826,01,simplification,longest_common_subsequence,{},0.653846
826,01,transpose,edit_distance,{},1.000000
826,01,transpose,interval_ngram_similarity,"{""n"": 2}",1.000000
826,01,transpose,longest_common_subsequence,{},1.000000
826,02,interval_modification,edit_distance,{},0.750000
826,02,interval_modification,interval_ngram_similarity,"{""n"": 2}",0.421053
826,02,interval_modification,longest_common_subsequence,{},0.750000
826,02,ornamentation,edit_distance,{},0.705882
826,02,ornamentation,interval_ngram_similarity,"{""n"": 2}",0.463415
826,02,ornamentation,longest_common_subsequence,{},0.705882
826,02,simplification,edit_distance,{},0.714286
826,02,simplification,interval_ngram_similarity,"{""n"": 2}",0.620690
826,02,simplification,longest_common_subsequence,{},0.714286
826,02,transpose,edit_distance,{},1.000000
826,02,transpose,interval_ngram_similarity,"{""n"": 2}",1.000000
826,02,transpose,longest_common_subsequence,{},1.000000
827,01,interval_modification,edit_distance,{},0.733333
827,01,interval_modification,interval_ngram_similarity,"{""n"": 2}",0.473684
827,01,interval_modification,longest_common_subsequence,{},0.733333
827,01,ornamentation,edit_distance,{},0.722222
827,01,ornamentation,interval_ngram_similarity,"{""n"": 2}",0.550000
827,01,ornamentation,longest_common_subsequence,{},0.722222
827,01,simplification,edit_distance,{},0.600000
827,01,simplification,interval_ngram_similarity,"{""n"": 2}",0.333333
827,01,simplification,longest_common_subsequence,{},0.600000
827,01,transpose,edit_distance,{},1.000000
827,01,transpose,interval_ngram_similarity,"{""n"": 2}",1.000000
827,01,transpose,longest_common_subsequence,{},1.000000
827,02,interval_modification,edit_distance,{},0.750000
827,02,interval_modification,interval_ngram_similarity,"{""n"": 2}",0.428571
827,02,interval_modification,longest_common_subsequence,{},0.812500
827,02,ornamentation,edit_distance,{},0.684211
827,02,ornamentation,interval_ngram_similarity,"{""n"": 2}",0.434783
827,02,ornamentation,longest_common_subsequence,{},0.684211
827,02,simplification,edit_distance,{},0.500000
827,02,simplification,interval_ngram_similarity,"{""n"": 2}",0.181818
827,02,simplification,longest_common_subsequence,{},0.500000
827,02,transpose,edit_distance,{},1.000000
827,02,transpose,interval_ngram_similarity,"{""n"": 2}",1.000000
827,02,transpose,longest_common_subsequence,{},1.000000
829,01,interval_modification,edit_distance,{},0.714286
829,01,interval_modification,interval_ngram_similarity,"{""n"": 2}",0.368421
829,01,interval_modification,longest_common_subsequence,{},0.714286
829,01,ornamentation,edit_distance,{},0.705882
829,01,ornamentation,interval_ngram_similarity,"{""n"": 2}",0.450000
829,01,ornamentation,longest_common_subsequence,{},0.705882
829,01,simplification,edit_distance,{},0.428571
829,01,simplification,interval_ngram_similarity,"{""n"": 2}",0.100000
829,01,simplification,longest_common_subsequence,{},0.428571
829,01,transpose,edit_distance,{},1.000000
829,01,transpose,interval_ngram_similarity,"{""n"": 2}",1.000000
829,01,transpose,longest_common_subsequence,{},1.000000
829,02,interval_modification,edit_distance,{},0.769231
829,02,interval_modification,interval_ngram_similarity,"{""n"": 2}",0.500000
829,02,interval_modification,longest_common_subsequence,{},0.846154
829,02,ornamentation,edit_distance,{},0.687500
829,02,ornamentation,interval_ngram_similarity,"{""n"": 2}",0.421053
829,02,ornamentation,longest_common_subsequence,{},0.687500
829,02,simplification,edit_distance,{},0.538462
829,02,simplification,interval_ngram_similarity,"{""n"": 2}",0.428571
829,02,simplification,longest_common_subsequence,{},0.538462
829,02,transpose,edit_distance,{},1.000000
829,02,transpose,interval_ngram_similarity,"{""n"": 2}",1.000000
829,02,transpose,longest_common_subsequence,{},1.000000
859,01,interval_modification,edit_distance,{},0.733333
859,01,interval_modification,interval_ngram_similarity,"{""n"": 2}",0.473684
859,01,interval_modification,longest_common_subsequence,{},0.733333
859,01,ornamentation,edit_distance,{},0.722222
859,01,ornamentation,interval_ngram_similarity,"{""n"": 2}",0.550000
859,01,ornamentation,longest_common_subsequence,{},0.722222
859,01,simplification,edit_distance,{},0.600000
859,01,simplification,interval_ngram_similarity,"{""n"": 2}",0.263158
859,01,simplification,longest_common_subsequence,{},0.600000
859,01,transpose,edit_distance,{},1.000000
859,01,transpose,interval_ngram_similarity,"{""n"": 2}",1.000000
859,01,transpose,longest_common_subsequence,{},1.000000
859,02,interval_modification,edit_distance,{},0.750000
859,02,interval_modification,interval_ngram_similarity,"{""n"": 2}",0.428571
859,02,interval_modification,longest_common_subsequence,{},0.812500
859,02,ornamentation,edit_distance,{},0.736842
859,02,ornamentation,interval_ngram_similarity,"{""n"": 2}",0.500000
859,02,ornamentation,longest_common_subsequence,{},0.736842
859,02,simplification,edit_distance,{},0.625000
859,02,simplification,interval_ngram_similarity,"{""n"": 2}",0.300000
859,02,simplification,longest_common_subsequence,{},0.625000
859,02,transpose,edit_distance,{},1.000000
859,02,transpose,interval_ngram_similarity,"{""n"": 2}",1.000000
859,02,transpose,longest_common_subsequence,{},1.000000
866,01,interval_modification,edit_distance,{},0.777778
866,01,interval_modification,interval_ngram_similarity,"{""n"": 2}",0.478261
866,01,interval_modification,longest_common_subsequence,{},0.777778
866,01,ornamentation,edit_distance,{},0.727273
866,01,ornamentation,interval_ngram_similarity,"{""n"": 2}",0.461538
866,01,ornamentation,longest_common_subsequence,{},0.727273
866,01,simplification,edit_distance,{},0.666667
866,01,simplification,interval_ngram_similarity,"{""n"": 2}",0.526316
866,01,simplification,longest_common_subsequence,{},0.666667
866,01,transpose,edit_distance,{},1.000000
866,01,transpose,interval_ngram_similarity,"{""n"": 2}",1.000000
866,01,transpose,longest_common_subsequence,{},1.000000
866,02,interval_modification,edit_distance,{},0.750000
866,02,interval_modification,interval_ngram_similarity,"{""n"": 2}",0.461538
866,02,interval_modification,longest_common_subsequence,{},0.800000
866,02,ornamentation,edit_distance,{},0.791667
866,02,ornamentation,interval_ngram_similarity,"{""n"": 2}",0.555556
866,02,ornamentation,longest_common_subsequence,{},0.791667
866,02,simplification,edit_distance,{},0.550000
866,02,simplification,interval_ngram_similarity,"{""n"": 2}",0.320000
866,02,simplification,longest_common_subsequence,{},0.550000
866,02,transpose,edit_distance,{},1.000000
866,02,transpose,interval_ngram_similarity,"{""n"": 2}",1.000000
866,02,transpose,longest_common_subsequence,{},1.000000
875,01,interval_modification,edit_distance,{},0.764706
875,01,interval_modification,interval_ngram_similarity,"{""n"": 2}",0.454545
875,01,interval_modification,longest_common_subsequence,{},0.764706
875,01,ornamentation,edit_distance,{},0.700000
875,01,ornamentation,interval_ngram_similarity,"{""n"": 2}",0.458333
875,01,ornamentation,longest_common_subsequence,{},0.700000
875,01,simplification,edit_distance,{},0.705882
875,01,simplification,interval_ngram_similarity,"{""n"": 2}",0.647059
875,01,simplification,longest_common_subsequence,{},0.705882
875,01,transpose,edit_distance,{},1.000000
875,01,transpose,interval_ngram_similarity,"{""n"": 2}",1.000000
875,01,transpose,longest_common_subsequence,{},1.000000
875,02,interval_modification,edit_distance,{},0.777778
875,02,interval_modification,interval_ngram_similarity,"{""n"": 2}",0.478261
875,02,interval_modification,longest_common_subsequence,{},0.777778
875,02,ornamentation,edit_distance,{},0.727273
875,02,ornamentation,interval_ngram_similarity,"{""n"": 2}",0.520000
875,02,ornamentation,longest_common_subsequence,{},0.727273
875,02,simplification,edit_distance,{},0.611111
875,02,simplification,interval_ngram_similarity,"{""n"": 2}",0.318182
875,02,simplification,longest_common_subsequence,{},0.611111
875,02,transpose,edit_distance,{},1.000000
875,02,transpose,interval_ngram_similarity,"{""n"": 2}",1.000000
875,02,transpose,longest_common_subsequence,{},1.000000
881,01,interval_modification,edit_distance,{},0.769231
881,01,interval_modification,interval_ngram_similarity,"{""n"": 2}",0.470588
881,01,interval_modification,longest_common_subsequence,{},0.769231
881,01,ornamentation,edit_distance,{},0.677419
881,01,ornamentation,interval_ngram_similarity,"{""n"": 2}",0.410256
881,01,ornamentation,longest_common_subsequence,{},0.677419
881,01,simplification,edit_distance,{},0.500000
881,01,simplification,interval_ngram_similarity,"{""n"": 2}",0.228571
881,01,simplification,longest_common_subsequence,{},0.500000
881,01,transpose,edit_distance,{},1.000000
881,01,transpose,interval_ngram_similarity,"{""n"": 2}",1.000000
881,01,transpose,longest_common_subsequence,{},1.000000
881,02,interval_modification,edit_distance,{},0.750000
881,02,interval_modification,interval_ngram_similarity,"{""n"": 2}",0.409091
881,02,interval_modification,longest_common_subsequence,{},0.750000
881,02,ornamentation,edit_distance,{},0.710526
881,02,ornamentation,interval_ngram_similarity,"{""n"": 2}",0.511111
881,02,ornamentation,longest_common_subsequence,{},0.710526
881,02,simplification,edit_distance,{},0.625000
881,02,simplification,interval_ngram_similarity,"{""n"": 2}",0.459459
881,02,simplification,longest_common_subsequence,{},0.625000
881,02,transpose,edit_distance,{},1.000000
881,02,transpose,interval_ngram_similarity,"{""n"": 2}",1.000000
881,02,transpose,longest_common_subsequence,{},1.000000
889,01,interval_modification,edit_distance,{},0.741935
889,01,interval_modification,interval_ngram_similarity,"{""n"": 2}",0.395349
889,01,interval_modification,longest_common_subsequence,{},0.741935
889,01,ornamentation,edit_distance,{},0.702703
889,01,ornamentation,interval_ngram_similarity,"{""n"": 2}",0.466667
889,01,ornamentation,longest_common_subsequence,{},0.702703
889,01,simplification,edit_distance,{},0.580645
889,01,simplification,interval_ngram_similarity,"{""n"": 2}",0.368421
889,01,simplification,longest_common_subsequence,{},0.580645
889,01,transpose,edit_distance,{},1.000000
889,01,transpose,interval_ngram_similarity,"{""n"": 2}",1.000000
889,01,transpose,longest_common_subsequence,{},1.000000
889,02,interval_modification,edit_distance,{},0.739130
889,02,interval_modification,interval_ngram_similarity,"{""n"": 2}",0.375000
889,02,interval_modification,longest_common_subsequence,{},0.739130
889,02,ornamentation,edit_distance,{},0.750000
889,02,ornamentation,interval_ngram_similarity,"{""n"": 2}",0.484848
889,02,ornamentation,longest_common_subsequence,{},0.750000
889,02,simplification,edit_distance,{},0.608696
889,02,simplification,interval_ngram_similarity,"{""n"": 2}",0.266667
889,02,simplification,longest_common_subsequence,{},0.608696
889,02,transpose,edit_distance,{},1.000000
889,02,transpose,interval_ngram_similarity,"{""n"": 2}",1.000000
889,02,transpose,longest_common_subsequence,{},1.000000
894,01,interval_modification,edit_distance,{},0.760000
894,01,interval_modification,interval_ngram_similarity,"{""n"": 2}",0.454545
894,01,interval_modification,longest_common_subsequence,{},0.760000
894,01,ornamentation,edit_distance,{},0.700000
894,01,ornamentation,interval_ngram_similarity,"{""n"": 2}",0.432432
894,01,ornamentation,longest_common_subsequence,{},0.700000
894,01,simplification,edit_distance,{},0.640000
894,01,simplification,interval_ngram_similarity,"{""n"": 2}",0.448276
894,01,simplification,longest_common_subsequence,{},0.640000
894,01,transpose,edit_distance,{},1.000000
894,01,transpose,interval_ngram_similarity,"{""n"": 2}",1.000000
894,01,transpose,longest_common_subsequence,{},1.000000
894,02,interval_modification,edit_distance,{},0.760000
894,02,interval_modification,interval_ngram_similarity,"{""n"": 2}",0.454545
894,02,interval_modification,longest_common_subsequence,{},0.760000
894,02,ornamentation,edit_distance,{},0.666667
894,02,ornamentation,interval_ngram_similarity,"{""n"": 2}",0.432432
894,02,ornamentation,longest_common_subsequence,{},0.666667
894,02,simplification,edit_distance,{},0.600000
894,02,simplification,interval_ngram_similarity,"{""n"": 2}",0.354839
894,02,simplification,longest_common_subsequence,{},0.600000
894,02,transpose,edit_distance,{},1.000000
894,02,transpose,interval_ngram_similarity,"{""n"": 2}",1.000000
894,02,transpose,longest_common_subsequence,{},1.000000
897,01,interval_modification,edit_distance,{},0.736842
897,01,interval_modification,interval_ngram_similarity,"{""n"": 2}",0.370370
897,01,interval_modification,longest_common_subsequence,{},0.736842
897,01,ornamentation,edit_distance,{},0.673913
897,01,ornamentation,interval_ngram_similarity,"{""n"": 2}",0.438596
897,01,ornamentation,longest_common_subsequence,{},0.673913
897,01,simplification,edit_distance,{},0.552632
897,01,simplification,interval_ngram_similarity,"{""n"": 2}",0.361702
897,01,simplification,longest_common_subsequence,{},0.552632
897,01,transpose,edit_distance,{},1.000000
897,01,transpose,interval_ngram_similarity,"{""n"": 2}",1.000000
897,01,transpose,longest_common_subsequence,{},1.000000
897,02,interval_modification,edit_distance,{},0.750000
897,02,interval_modification,interval_ngram_similarity,"{""n"": 2}",0.409091
897,02,interval_modification,longest_common_subsequence,{},0.750000
897,02,ornamentation,edit_distance,{},0.736842
897,02,ornamentation,interval_ngram_similarity,"{""n"": 2}",0.511111
897,02,ornamentation,longest_common_subsequence,{},0.736842
897,02,simplification,edit_distance,{},0.625000
897,02,simplification,interval_ngram_similarity,"{""n"": 2}",0.459459
897,02,simplification,longest_common_subsequence,{},0.625000
897,02,transpose,edit_distance,{},1.000000
897,02,transpose,interval_ngram_similarity,"{""n"": 2}",1.000000
897,02,transpose,longest_common_subsequence,{},1.000000
900,01,interval_modification,edit_distance,{},0.736842
900,01,interval_modification,interval_ngram_similarity,"{""n"": 2}",0.440000
900,01,interval_modification,longest_common_subsequence,{},0.736842
900,01,ornamentation,edit_distance,{},0.695652
900,01,ornamentation,interval_ngram_similarity,"{""n"": 2}",0.428571
900,01,ornamentation,longest_common_subsequence,{},0.695652
900,01,simplification,edit_distance,{},0.526316
900,01,simplification,interval_ngram_similarity,"{""n"": 2}",0.347826
900,01,simplification,longest_common_subsequence,{},0.526316
900,01,transpose,edit_distance,{},1.000000
900,01,transpose,interval_ngram_similarity,"{""n"": 2}",1.000000
900,01,transpose,longest_common_subsequence,{},1.000000
900,02,interval_modification,edit_distance,{},0.750000
900,02,interval_modification,interval_ngram_similarity,"{""n"": 2}",0.407407
900,02,interval_modification,longest_common_subsequence,{},0.750000
900,02,ornamentation,edit_distance,{},0.750000
900,02,ornamentation,interval_ngram_similarity,"{""n"": 2}",0.555556
900,02,ornamentation,longest_common_subsequence,{},0.750000
900,02,simplification,edit_distance,{},0.600000
900,02,simplification,interval_ngram_similarity,"{""n"": 2}",0.375000
900,02,simplification,longest_common_subsequence,{},0.600000
900,02,transpose,edit_distance,{},1.000000
900,02,transpose,interval_ngram_similarity,"{""n"": 2}",1.000000
900,02,transpose,longest_common_subsequence,{},1.000000
