pair_id,pair_type,transformation,score_melody,score_harmony,score_rhythm,score_global
pair_000001,positive,,,,,
pair_000002,positive,,,,,
pair_000003,positive,,,,,
pair_000004,positive,,,,,
pair_000005,positive,chord_substitution,,,,
pair_000006,positive,duration_scaling,,,,
pair_000007,positive,interval_modification,,,,
pair_000008,positive,ornamentation,,,,
pair_000009,positive,partial_rhythm_modification,,,,
pair_000010,positive,reharmonization,,,,
pair_000011,positive,simplification,,,,
pair_000012,positive,simplification,,,,
pair_000013,positive,tempo_change,,,,
pair_000014,positive,transpose,,,,
pair_000015,positive,,,,,
pair_000016,positive,,,,,
pair_000017,positive,,,,,
pair_000018,positive,,,,,
pair_000019,positive,chord_substitution,,,,
pair_000020,positive,duration_scaling,,,,
pair_000021,positive,interval_modification,,,,
pair_000022,positive,ornamentation,,,,
pair_000023,positive,partial_rhythm_modification,,,,
pair_000024,positive,reharmonization,,,,
pair_000025,positive,simplification,,,,
pair_000026,positive,simplification,,,,
pair_000027,positive,tempo_change,,,,
pair_000028,positive,transpose,,,,
pair_000029,positive,,,,,
pair_000030,positive,,,,,
pair_000031,positive,,,,,
pair_000032,positive,,,,,
pair_000033,positive,chord_substitution,,,,
pair_000034,positive,duration_scaling,,,,
pair_000035,positive,interval_modification,,,,
pair_000036,positive,ornamentation,,,,
pair_000037,positive,partial_rhythm_modification,,,,
pair_000038,positive,reharmonization,,,,
pair_000039,positive,simplification,,,,
pair_000040,positive,simplification,,,,
pair_000041,positive,tempo_change,,,,
pair_000042,positive,transpose,,,,
pair_000043,positive,,,,,
pair_000044,positive,,,,,
pair_000045,positive,,,,,
pair_000046,positive,,,,,
pair_000047,positive,chord_substitution,,,,
pair_000048,positive,duration_scaling,,,,
pair_000049,positive,interval_modification,,,,
pair_000050,positive,ornamentation,,,,
pair_000051,positive,partial_rhythm_modification,,,,
pair_000052,positive,reharmonization,,,,
pair_000053,positive,simplification,,,,
pair_000054,positive,simplification,,,,
pair_000055,positive,tempo_change,,,,
pair_000056,positive,transpose,,,,
pair_000057,positive,,,,,
pair_000058,positive,,,,,
pair_000059,positive,,,,,
pair_000060,positive,,,,,
pair_000061,positive,chord_substitution,,,,
pair_000062,positive,duration_scaling,,,,
pair_000063,positive,interval_modification,,,,
pair_000064,positive,ornamentation,,,,
pair_000065,positive,partial_rhythm_modification,,,,
pair_000066,positive,reharmonization,,,,
pair_000067,positive,simplification,,,,
pair_000068,positive,simplification,,,,
pair_000069,positive,tempo_change,,,,
pair_000070,positive,transpose,,,,
pair_000071,positive,,,,,
pair_000072,positive,,,,,
pair_000073,positive,,,,,
pair_000074,positive,,,,,
pair_000075,positive,chord_substitution,,,,
pair_000076,positive,duration_scaling,,,,
pair_000077,positive,interval_modification,,,,
pair_000078,positive,ornamentation,,,,
pair_000079,positive,partial_rhythm_modification,,,,
pair_000080,positive,reharmonization,,,,
pair_000081,positive,simplification,,,,
pair_000082,positive,simplification,,,,
pair_000083,positive,tempo_change,,,,
pair_000084,positive,transpose,,,,
pair_000085,positive,,,,,
pair_000086,positive,,,,,
pair_000087,positive,,,,,
pair_000088,positive,,,,,
pair_000089,positive,chord_substitution,,,,
pair_000090,positive,duration_scaling,,,,
pair_000091,positive,interval_modification,,,,
pair_000092,positive,ornamentation,,,,
pair_000093,positive,partial_rhythm_modification,,,,
pair_000094,positive,reharmonization,,,,
pair_000095,positive,simplification,,,,
pair_000096,positive,simplification,,,,
pair_000097,positive,tempo_change,,,,
pair_000098,positive,transpose,,,,
pair_000099,positive,,,,,
pair_000100,positive,,,,,
pair_000101,positive,,,,,
pair_000102,positive,,,,,
pair_000103,positive,chord_substitution,,,,
pair_000104,positive,duration_scaling,,,,
pair_000105,positive,interval_modification,,,,
pair_000106,positive,ornamentation,,,,
pair_000107,positive,partial_rhythm_modification,,,,
pair_000108,positive,reharmonization,,,,
pair_000109,positive,simplification,,,,
pair_000110,positive,simplification,,,,
pair_000111,positive,tempo_change,,,,
pair_000112,positive,transpose,,,,
pair_000113,positive,,,,,
pair_000114,positive,,,,,
pair_000115,positive,,,,,
pair_000116,positive,,,,,
pair_000117,positive,chord_substitution,,,,
pair_000118,positive,duration_scaling,,,,
pair_000119,positive,interval_modification,,,,
pair_000120,positive,ornamentation,,,,
pair_000121,positive,partial_rhythm_modification,,,,
pair_000122,positive,reharmonization,,,,
pair_000123,positive,simplification,,,,
pair_000124,positive,simplification,,,,
pair_000125,positive,tempo_change,,,,
pair_000126,positive,transpose,,,,
pair_000127,positive,,,,,
pair_000128,positive,,,,,
pair_000129,positive,,,,,
pair_000130,positive,,,,,
pair_000131,positive,chord_substitution,,,,
pair_000132,positive,duration_scaling,,,,
pair_000133,positive,interval_modification,,,,
pair_000134,positive,ornamentation,,,,
pair_000135,positive,partial_rhythm_modification,,,,
pair_000136,positive,reharmonization,,,,
pair_000137,positive,simplification,,,,
pair_000138,positive,simplification,,,,
pair_000139,positive,tempo_change,,,,
pair_000140,positive,transpose,,,,
pair_000141,positive,,,,,
pair_000142,positive,,,,,
pair_000143,positive,,,,,
pair_000144,positive,,,,,
pair_000145,positive,chord_substitution,,,,
pair_000146,positive,duration_scaling,,,,
pair_000147,positive,interval_modification,,,,
pair_000148,positive,ornamentation,,,,
pair_000149,positive,partial_rhythm_modification,,,,
pair_000150,positive,reharmonization,,,,
pair_000151,positive,simplification,,,,
pair_000152,positive,simplification,,,,
pair_000153,positive,tempo_change,,,,
pair_000154,positive,transpose,,,,
pair_000155,positive,,,,,
pair_000156,positive,,,,,
pair_000157,positive,,,,,
pair_000158,positive,,,,,
pair_000159,positive,chord_substitution,,,,
pair_000160,positive,duration_scaling,,,,
pair_000161,positive,interval_modification,,,,
pair_000162,positive,ornamentation,,,,
pair_000163,positive,partial_rhythm_modification,,,,
pair_000164,positive,reharmonization,,,,
pair_000165,positive,simplification,,,,
pair_000166,positive,simplification,,,,
pair_000167,positive,tempo_change,,,,
pair_000168,positive,transpose,,,,
pair_000169,positive,,,,,
pair_000170,positive,,,,,
pair_000171,positive,,,,,
pair_000172,positive,,,,,
pair_000173,positive,chord_substitution,,,,
pair_000174,positive,duration_scaling,,,,
pair_000175,positive,interval_modification,,,,
pair_000176,positive,ornamentation,,,,
pair_000177,positive,partial_rhythm_modification,,,,
pair_000178,positive,reharmonization,,,,
pair_000179,positive,simplification,,,,
pair_000180,positive,simplification,,,,
pair_000181,positive,tempo_change,,,,
pair_000182,positive,transpose,,,,
pair_000183,positive,,,,,
pair_000184,positive,,,,,
pair_000185,positive,,,,,
pair_000186,positive,,,,,
pair_000187,positive,chord_substitution,,,,
pair_000188,positive,duration_scaling,,,,
pair_000189,positive,interval_modification,,,,
pair_000190,positive,ornamentation,,,,
pair_000191,positive,partial_rhythm_modification,,,,
pair_000192,positive,reharmonization,,,,
pair_000193,positive,simplification,,,,
pair_000194,positive,simplification,,,,
pair_000195,positive,tempo_change,,,,
pair_000196,positive,transpose,,,,
pair_000197,positive,,,,,
pair_000198,positive,,,,,
pair_000199,positive,,,,,
pair_000200,positive,,,,,
pair_000201,positive,chord_substitution,,,,
pair_000202,positive,duration_scaling,,,,
pair_000203,positive,interval_modification,,,,
pair_000204,positive,ornamentation,,,,
pair_000205,positive,partial_rhythm_modification,,,,
pair_000206,positive,reharmonization,,,,
pair_000207,positive,simplification,,,,
pair_000208,positive,simplification,,,,
pair_000209,positive,tempo_change,,,,
pair_000210,positive,transpose,,,,
pair_000211,positive,,,,,
pair_000212,positive,,,,,
pair_000213,positive,,,,,
pair_000214,positive,,,,,
pair_000215,positive,chord_substitution,,,,
pair_000216,positive,duration_scaling,,,,
pair_000217,positive,interval_modification,,,,
pair_000218,positive,ornamentation,,,,
pair_000219,positive,partial_rhythm_modification,,,,
pair_000220,positive,reharmonization,,,,
pair_000221,positive,simplification,,,,
pair_000222,positive,simplification,,,,
pair_000223,positive,tempo_change,,,,
pair_000224,positive,transpose,,,,
pair_000225,positive,,,,,
pair_000226,positive,,,,,
pair_000227,positive,,,,,
pair_000228,positive,,,,,
pair_000229,positive,chord_substitution,,,,
pair_000230,positive,duration_scaling,,,,
pair_000231,positive,interval_modification,,,,
pair_000232,positive,ornamentation,,,,
pair_000233,positive,partial_rhythm_modification,,,,
pair_000234,positive,reharmonization,,,,
pair_000235,positive,simplification,,,,
pair_000236,positive,simplification,,,,
pair_000237,positive,tempo_change,,,,
pair_000238,positive,transpose,,,,
pair_000239,positive,,,,,
pair_000240,positive,,,,,
pair_000241,positive,,,,,
pair_000242,positive,,,,,
pair_000243,positive,chord_substitution,,,,
pair_000244,positive,duration_scaling,,,,
pair_000245,positive,interval_modification,,,,
pair_000246,positive,ornamentation,,,,
pair_000247,positive,partial_rhythm_modification,,,,
pair_000248,positive,reharmonization,,,,
pair_000249,positive,simplification,,,,
pair_000250,positive,simplification,,,,
pair_000251,positive,tempo_change,,,,
pair_000252,positive,transpose,,,,
pair_000253,positive,,,,,
pair_000254,positive,,,,,
pair_000255,positive,,,,,
pair_000256,positive,,,,,
pair_000257,positive,chord_substitution,,,,
pair_000258,positive,duration_scaling,,,,
pair_000259,positive,interval_modification,,,,
pair_000260,positive,ornamentation,,,,
pair_000261,positive,partial_rhythm_modification,,,,
pair_000262,positive,reharmonization,,,,
pair_000263,positive,simplification,,,,
pair_000264,positive,simplification,,,,
pair_000265,positive,tempo_change,,,,
pair_000266,positive,transpose,,,,
pair_000267,positive,,,,,
pair_000268,positive,,,,,
pair_000269,positive,,,,,
pair_000270,positive,,,,,
pair_000271,positive,chord_substitution,,,,
pair_000272,positive,duration_scaling,,,,
pair_000273,positive,interval_modification,,,,
pair_000274,positive,ornamentation,,,,
pair_000275,positive,partial_rhythm_modification,,,,
pair_000276,positive,reharmonization,,,,
pair_000277,positive,simplification,,,,
pair_000278,positive,simplification,,,,
pair_000279,positive,tempo_change,,,,
pair_000280,positive,transpose,,,,
pair_000281,positive,,,,,
pair_000282,positive,,,,,
pair_000283,positive,,,,,
pair_000284,positive,,,,,
pair_000285,positive,chord_substitution,,,,
pair_000286,positive,duration_scaling,,,,
pair_000287,positive,interval_modification,,,,
pair_000288,positive,ornamentation,,,,
pair_000289,positive,partial_rhythm_modification,,,,
pair_000290,positive,reharmonization,,,,
pair_000291,positive,simplification,,,,
pair_000292,positive,simplification,,,,
pair_000293,positive,tempo_change,,,,
pair_000294,positive,transpose,,,,
pair_000295,positive,,,,,
pair_000296,positive,,,,,
pair_000297,positive,,,,,
pair_000298,positive,,,,,
pair_000299,positive,chord_substitution,,,,
pair_000300,positive,duration_scaling,,,,
pair_000301,positive,interval_modification,,,,
pair_000302,positive,ornamentation,,,,
pair_000303,positive,partial_rhythm_modification,,,,
pair_000304,positive,reharmonization,,,,
pair_000305,positive,simplification,,,,
pair_000306,positive,simplification,,,,
pair_000307,positive,tempo_change,,,,
pair_000308,positive,transpose,,,,
pair_000309,positive,,,,,
pair_000310,positive,,,,,
pair_000311,positive,,,,,
pair_000312,positive,,,,,
pair_000313,positive,chord_substitution,,,,
pair_000314,positive,duration_scaling,,,,
pair_000315,positive,interval_modification,,,,
pair_000316,positive,ornamentation,,,,
pair_000317,positive,partial_rhythm_modification,,,,
pair_000318,positive,reharmonization,,,,
pair_000319,positive,simplification,,,,
pair_000320,positive,simplification,,,,
pair_000321,positive,tempo_change,,,,
pair_000322,positive,transpose,,,,
pair_000323,positive,,,,,
pair_000324,positive,,,,,
pair_000325,positive,,,,,
pair_000326,positive,,,,,
pair_000327,positive,chord_substitution,,,,
pair_000328,positive,duration_scaling,,,,
pair_000329,positive,interval_modification,,,,
pair_000330,positive,ornamentation,,,,
pair_000331,positive,partial_rhythm_modification,,,,
pair_000332,positive,reharmonization,,,,
pair_000333,positive,simplification,,,,
pair_000334,positive,simplification,,,,
pair_000335,positive,tempo_change,,,,
pair_000336,positive,transpose,,,,
pair_000337,positive,,,,,
pair_000338,positive,,,,,
pair_000339,positive,,,,,
pair_000340,positive,,,,,
pair_000341,positive,chord_substitution,,,,
pair_000342,positive,duration_scaling,,,,
pair_000343,positive,interval_modification,,,,
pair_000344,positive,ornamentation,,,,
pair_000345,positive,partial_rhythm_modification,,,,
pair_000346,positive,reharmonization,,,,
pair_000347,positive,simplification,,,,
pair_000348,positive,simplification,,,,
pair_000349,positive,tempo_change,,,,
pair_000350,positive,transpose,,,,
pair_000351,positive,,,,,
pair_000352,positive,,,,,
pair_000353,positive,,,,,
pair_000354,positive,,,,,
pair_000355,positive,chord_substitution,,,,
pair_000356,positive,duration_scaling,,,,
pair_000357,positive,interval_modification,,,,
pair_000358,positive,ornamentation,,,,
pair_000359,positive,partial_rhythm_modification,,,,
pair_000360,positive,reharmonization,,,,
pair_000361,positive,simplification,,,,
pair_000362,positive,simplification,,,,
pair_000363,positive,tempo_change,,,,
pair_000364,positive,transpose,,,,
pair_000365,positive,,,,,
pair_000366,positive,,,,,
pair_000367,positive,,,,,
pair_000368,positive,,,,,
pair_000369,positive,chord_substitution,,,,
pair_000370,positive,duration_scaling,,,,
pair_000371,positive,interval_modification,,,,
pair_000372,positive,ornamentation,,,,
pair_000373,positive,partial_rhythm_modification,,,,
pair_000374,positive,reharmonization,,,,
pair_000375,positive,simplification,,,,
pair_000376,positive,simplification,,,,
pair_000377,positive,tempo_change,,,,
pair_000378,positive,transpose,,,,
pair_000379,positive,,,,,
pair_000380,positive,,,,,
pair_000381,positive,,,,,
pair_000382,positive,,,,,
pair_000383,positive,chord_substitution,,,,
pair_000384,positive,duration_scaling,,,,
pair_000385,positive,interval_modification,,,,
pair_000386,positive,ornamentation,,,,
pair_000387,positive,partial_rhythm_modification,,,,
pair_000388,positive,reharmonization,,,,
pair_000389,positive,simplification,,,,
pair_000390,positive,simplification,,,,
pair_000391,positive,tempo_change,,,,
pair_000392,positive,transpose,,,,
pair_000393,positive,,,,,
pair_000394,positive,,,,,
pair_000395,positive,,,,,
pair_000396,positive,,,,,
pair_000397,positive,chord_substitution,,,,
pair_000398,positive,duration_scaling,,,,
pair_000399,positive,interval_modification,,,,
pair_000400,positive,ornamentation,,,,
pair_000401,positive,partial_rhythm_modification,,,,
pair_000402,positive,reharmonization,,,,
pair_000403,positive,simplification,,,,
pair_000404,positive,simplification,,,,
pair_000405,positive,tempo_change,,,,
pair_000406,positive,transpose,,,,
pair_000407,positive,,,,,
pair_000408,positive,,,,,
pair_000409,positive,,,,,
pair_000410,positive,,,,,
pair_000411,positive,chord_substitution,,,,
pair_000412,positive,duration_scaling,,,,
pair_000413,positive,interval_modification,,,,
pair_000414,positive,ornamentation,,,,
pair_000415,positive,partial_rhythm_modification,,,,
pair_000416,positive,reharmonization,,,,
pair_000417,positive,simplification,,,,
pair_000418,positive,simplification,,,,
pair_000419,positive,tempo_change,,,,
pair_000420,positive,transpose,,,,
pair_000421,positive,,,,,
pair_000422,positive,,,,,
pair_000423,positive,,,,,
pair_000424,positive,,,,,
pair_000425,positive,chord_substitution,,,,
pair_000426,positive,duration_scaling,,,,
pair_000427,positive,interval_modification,,,,
pair_000428,positive,ornamentation,,,,
pair_000429,positive,partial_rhythm_modification,,,,
pair_000430,positive,reharmonization,,,,
pair_000431,positive,simplification,,,,
pair_000432,positive,simplification,,,,
pair_000433,positive,tempo_change,,,,
pair_000434,positive,transpose,,,,
pair_000435,positive,,,,,
pair_000436,positive,,,,,
pair_000437,positive,,,,,
pair_000438,positive,,,,,
pair_000439,positive,chord_substitution,,,,
pair_000440,positive,duration_scaling,,,,
pair_000441,positive,interval_modification,,,,
pair_000442,positive,ornamentation,,,,
pair_000443,positive,partial_rhythm_modification,,,,
pair_000444,positive,reharmonization,,,,
pair_000445,positive,simplification,,,,
pair_000446,positive,simplification,,,,
pair_000447,positive,tempo_change,,,,
pair_000448,positive,transpose,,,,
pair_000449,positive,,,,,
pair_000450,positive,,,,,
pair_000451,positive,,,,,
pair_000452,positive,,,,,
pair_000453,positive,chord_substitution,,,,
pair_000454,positive,duration_scaling,,,,
pair_000455,positive,interval_modification,,,,
pair_000456,positive,ornamentation,,,,
pair_000457,positive,partial_rhythm_modification,,,,
pair_000458,positive,reharmonization,,,,
pair_000459,positive,simplification,,,,
pair_000460,positive,simplification,,,,
pair_000461,positive,tempo_change,,,,
pair_000462,positive,transpose,,,,
pair_000463,positive,,,,,
pair_000464,positive,,,,,
pair_000465,positive,,,,,
pair_000466,positive,,,,,
pair_000467,positive,chord_substitution,,,,
pair_000468,positive,duration_scaling,,,,
pair_000469,positive,interval_modification,,,,
pair_000470,positive,ornamentation,,,,
pair_000471,positive,partial_rhythm_modification,,,,
pair_000472,positive,reharmonization,,,,
pair_000473,positive,simplification,,,,
pair_000474,positive,simplification,,,,
pair_000475,positive,tempo_change,,,,
pair_000476,positive,transpose,,,,
pair_000477,positive,,,,,
pair_000478,positive,,,,,
pair_000479,positive,,,,,
pair_000480,positive,,,,,
pair_000481,positive,chord_substitution,,,,
pair_000482,positive,duration_scaling,,,,
pair_000483,positive,interval_modification,,,,
pair_000484,positive,ornamentation,,,,
pair_000485,positive,partial_rhythm_modification,,,,
pair_000486,positive,reharmonization,,,,
pair_000487,positive,simplification,,,,
pair_000488,positive,simplification,,,,
pair_000489,positive,tempo_change,,,,
pair_000490,positive,transpose,,,,
pair_000491,positive,,,,,
pair_000492,positive,,,,,
pair_000493,positive,,,,,
pair_000494,positive,,,,,
pair_000495,positive,chord_substitution,,,,
pair_000496,positive,duration_scaling,,,,
pair_000497,positive,interval_modification,,,,
pair_000498,positive,ornamentation,,,,
pair_000499,positive,partial_rhythm_modification,,,,
pair_000500,positive,reharmonization,,,,
pair_000501,positive,simplification,,,,
pair_000502,positive,simplification,,,,
pair_000503,positive,tempo_change,,,,
pair_000504,positive,transpose,,,,
pair_000505,positive,,,,,
pair_000506,positive,,,,,
pair_000507,positive,,,,,
pair_000508,positive,,,,,
pair_000509,positive,chord_substitution,,,,
pair_000510,positive,duration_scaling,,,,
pair_000511,positive,interval_modification,,,,
pair_000512,positive,ornamentation,,,,
pair_000513,positive,partial_rhythm_modification,,,,
pair_000514,positive,reharmonization,,,,
pair_000515,positive,simplification,,,,
pair_000516,positive,simplification,,,,
pair_000517,positive,tempo_change,,,,
pair_000518,positive,transpose,,,,
pair_000519,positive,,,,,
pair_000520,positive,,,,,
pair_000521,positive,,,,,
pair_000522,positive,,,,,
pair_000523,positive,chord_substitution,,,,
pair_000524,positive,duration_scaling,,,,
pair_000525,positive,interval_modification,,,,
pair_000526,positive,ornamentation,,,,
pair_000527,positive,partial_rhythm_modification,,,,
pair_000528,positive,reharmonization,,,,
pair_000529,positive,simplification,,,,
pair_000530,positive,simplification,,,,
pair_000531,positive,tempo_change,,,,
pair_000532,positive,transpose,,,,
pair_000533,positive,,,,,
pair_000534,positive,,,,,
pair_000535,positive,,,,,
pair_000536,positive,,,,,
pair_000537,positive,chord_substitution,,,,
pair_000538,positive,duration_scaling,,,,
pair_000539,positive,interval_modification,,,,
pair_000540,positive,ornamentation,,,,
pair_000541,positive,partial_rhythm_modification,,,,
pair_000542,positive,reharmonization,,,,
pair_000543,positive,simplification,,,,
pair_000544,positive,simplification,,,,
pair_000545,positive,tempo_change,,,,
pair_000546,positive,transpose,,,,
pair_000547,positive,,,,,
pair_000548,positive,,,,,
pair_000549,positive,,,,,
pair_000550,positive,,,,,
pair_000551,positive,chord_substitution,,,,
pair_000552,positive,duration_scaling,,,,
pair_000553,positive,interval_modification,,,,
pair_000554,positive,ornamentation,,,,
pair_000555,positive,partial_rhythm_modification,,,,
pair_000556,positive,reharmonization,,,,
pair_000557,positive,simplification,,,,
pair_000558,positive,simplification,,,,
pair_000559,positive,tempo_change,,,,
pair_000560,positive,transpose,,,,
pair_000561,positive,,,,,
pair_000562,positive,,,,,
pair_000563,positive,,,,,
pair_000564,positive,,,,,
pair_000565,positive,chord_substitution,,,,
pair_000566,positive,duration_scaling,,,,
pair_000567,positive,interval_modification,,,,
pair_000568,positive,ornamentation,,,,
pair_000569,positive,partial_rhythm_modification,,,,
pair_000570,positive,reharmonization,,,,
pair_000571,positive,simplification,,,,
pair_000572,positive,simplification,,,,
pair_000573,positive,tempo_change,,,,
pair_000574,positive,transpose,,,,
pair_000575,positive,,,,,
pair_000576,positive,,,,,
pair_000577,positive,,,,,
pair_000578,positive,,,,,
pair_000579,positive,chord_substitution,,,,
pair_000580,positive,duration_scaling,,,,
pair_000581,positive,interval_modification,,,,
pair_000582,positive,ornamentation,,,,
pair_000583,positive,partial_rhythm_modification,,,,
pair_000584,positive,reharmonization,,,,
pair_000585,positive,simplification,,,,
pair_000586,positive,simplification,,,,
pair_000587,positive,tempo_change,,,,
pair_000588,positive,transpose,,,,
pair_000589,positive,,,,,
pair_000590,positive,,,,,
pair_000591,positive,,,,,
pair_000592,positive,,,,,
pair_000593,positive,chord_substitution,,,,
pair_000594,positive,duration_scaling,,,,
pair_000595,positive,interval_modification,,,,
pair_000596,positive,ornamentation,,,,
pair_000597,positive,partial_rhythm_modification,,,,
pair_000598,positive,reharmonization,,,,
pair_000599,positive,simplification,,,,
pair_000600,positive,simplification,,,,
pair_000601,positive,tempo_change,,,,
pair_000602,positive,transpose,,,,
pair_000603,positive,,,,,
pair_000604,positive,,,,,
pair_000605,positive,,,,,
pair_000606,positive,,,,,
pair_000607,positive,chord_substitution,,,,
pair_000608,positive,duration_scaling,,,,
pair_000609,positive,interval_modification,,,,
pair_000610,positive,ornamentation,,,,
pair_000611,positive,partial_rhythm_modification,,,,
pair_000612,positive,reharmonization,,,,
pair_000613,positive,simplification,,,,
pair_000614,positive,simplification,,,,
pair_000615,positive,tempo_change,,,,
pair_000616,positive,transpose,,,,
pair_000617,positive,,,,,
pair_000618,positive,,,,,
pair_000619,positive,,,,,
pair_000620,positive,,,,,
pair_000621,positive,chord_substitution,,,,
pair_000622,positive,duration_scaling,,,,
pair_000623,positive,interval_modification,,,,
pair_000624,positive,ornamentation,,,,
pair_000625,positive,partial_rhythm_modification,,,,
pair_000626,positive,reharmonization,,,,
pair_000627,positive,simplification,,,,
pair_000628,positive,simplification,,,,
pair_000629,positive,tempo_change,,,,
pair_000630,positive,transpose,,,,
pair_000631,positive,,,,,
pair_000632,positive,,,,,
pair_000633,positive,,,,,
pair_000634,positive,,,,,
pair_000635,positive,chord_substitution,,,,
pair_000636,positive,duration_scaling,,,,
pair_000637,positive,interval_modification,,,,
pair_000638,positive,ornamentation,,,,
pair_000639,positive,partial_rhythm_modification,,,,
pair_000640,positive,reharmonization,,,,
pair_000641,positive,simplification,,,,
pair_000642,positive,simplification,,,,
pair_000643,positive,tempo_change,,,,
pair_000644,positive,transpose,,,,
pair_000645,positive,,,,,
pair_000646,positive,,,,,
pair_000647,positive,,,,,
pair_000648,positive,,,,,
pair_000649,positive,chord_substitution,,,,
pair_000650,positive,duration_scaling,,,,
pair_000651,positive,interval_modification,,,,
pair_000652,positive,ornamentation,,,,
pair_000653,positive,partial_rhythm_modification,,,,
pair_000654,positive,reharmonization,,,,
pair_000655,positive,simplification,,,,
pair_000656,positive,simplification,,,,
pair_000657,positive,tempo_change,,,,
pair_000658,positive,transpose,,,,
pair_000659,positive,,,,,
pair_000660,positive,,,,,
pair_000661,positive,,,,,
pair_000662,positive,,,,,
pair_000663,positive,chord_substitution,,,,
pair_000664,positive,duration_scaling,,,,
pair_000665,positive,interval_modification,,,,
pair_000666,positive,ornamentation,,,,
pair_000667,positive,partial_rhythm_modification,,,,
pair_000668,positive,reharmonization,,,,
pair_000669,positive,simplification,,,,
pair_000670,positive,simplification,,,,
pair_000671,positive,tempo_change,,,,
pair_000672,positive,transpose,,,,
pair_000673,positive,,,,,
pair_000674,positive,,,,,
pair_000675,positive,,,,,
pair_000676,positive,,,,,
pair_000677,positive,chord_substitution,,,,
pair_000678,positive,duration_scaling,,,,
pair_000679,positive,interval_modification,,,,
pair_000680,positive,ornamentation,,,,
pair_000681,positive,partial_rhythm_modification,,,,
pair_000682,positive,reharmonization,,,,
pair_000683,positive,simplification,,,,
pair_000684,positive,simplification,,,,
pair_000685,positive,tempo_change,,,,
pair_000686,positive,transpose,,,,
pair_000687,positive,,,,,
pair_000688,positive,,,,,
pair_000689,positive,,,,,
pair_000690,positive,,,,,
pair_000691,positive,chord_substitution,,,,
pair_000692,positive,duration_scaling,,,,
pair_000693,positive,interval_modification,,,,
pair_000694,positive,ornamentation,,,,
pair_000695,positive,partial_rhythm_modification,,,,
pair_000696,positive,reharmonization,,,,
pair_000697,positive,simplification,,,,
pair_000698,positive,simplification,,,,
pair_000699,positive,tempo_change,,,,
pair_000700,positive,transpose,,,,
pair_000701,positive,,,,,
pair_000702,positive,,,,,
pair_000703,positive,,,,,
pair_000704,positive,,,,,
pair_000705,positive,chord_substitution,,,,
pair_000706,positive,duration_scaling,,,,
pair_000707,positive,interval_modification,,,,
pair_000708,positive,ornamentation,,,,
pair_000709,positive,partial_rhythm_modification,,,,
pair_000710,positive,reharmonization,,,,
pair_000711,positive,simplification,,,,
pair_000712,positive,simplification,,,,
pair_000713,positive,tempo_change,,,,
pair_000714,positive,transpose,,,,
pair_000715,positive,,,,,
pair_000716,positive,,,,,
pair_000717,positive,,,,,
pair_000718,positive,,,,,
pair_000719,positive,chord_substitution,,,,
pair_000720,positive,duration_scaling,,,,
pair_000721,positive,interval_modification,,,,
pair_000722,positive,ornamentation,,,,
pair_000723,positive,partial_rhythm_modification,,,,
pair_000724,positive,reharmonization,,,,
pair_000725,positive,simplification,,,,
pair_000726,positive,simplification,,,,
pair_000727,positive,tempo_change,,,,
pair_000728,positive,transpose,,,,
pair_000729,positive,,,,,
pair_000730,positive,,,,,
pair_000731,positive,,,,,
pair_000732,positive,,,,,
pair_000733,positive,chord_substitution,,,,
pair_000734,positive,duration_scaling,,,,
pair_000735,positive,interval_modification,,,,
pair_000736,positive,ornamentation,,,,
pair_000737,positive,partial_rhythm_modification,,,,
pair_000738,positive,reharmonization,,,,
pair_000739,positive,simplification,,,,
pair_000740,positive,simplification,,,,
pair_000741,positive,tempo_change,,,,
pair_000742,positive,transpose,,,,
pair_000743,positive,,,,,
pair_000744,positive,,,,,
pair_000745,positive,,,,,
pair_000746,positive,,,,,
pair_000747,positive,chord_substitution,,,,
pair_000748,positive,duration_scaling,,,,
pair_000749,positive,interval_modification,,,,
pair_000750,positive,ornamentation,,,,
pair_000751,positive,partial_rhythm_modification,,,,
pair_000752,positive,reharmonization,,,,
pair_000753,positive,simplification,,,,
pair_000754,positive,simplification,,,,
pair_000755,positive,tempo_change,,,,
pair_000756,positive,transpose,,,,
pair_000757,positive,,,,,
pair_000758,positive,,,,,
pair_000759,positive,,,,,
pair_000760,positive,,,,,
pair_000761,positive,chord_substitution,,,,
pair_000762,positive,duration_scaling,,,,
pair_000763,positive,interval_modification,,,,
pair_000764,positive,ornamentation,,,,
pair_000765,positive,partial_rhythm_modification,,,,
pair_000766,positive,reharmonization,,,,
pair_000767,positive,simplification,,,,
pair_000768,positive,simplification,,,,
pair_000769,positive,tempo_change,,,,
pair_000770,positive,transpose,,,,
pair_000771,positive,,,,,
pair_000772,positive,,,,,
pair_000773,positive,,,,,
pair_000774,positive,,,,,
pair_000775,positive,chord_substitution,,,,
pair_000776,positive,duration_scaling,,,,
pair_000777,positive,interval_modification,,,,
pair_000778,positive,ornamentation,,,,
pair_000779,positive,partial_rhythm_modification,,,,
pair_000780,positive,reharmonization,,,,
pair_000781,positive,simplification,,,,
pair_000782,positive,simplification,,,,
pair_000783,positive,tempo_change,,,,
pair_000784,positive,transpose,,,,
pair_000785,positive,,,,,
pair_000786,positive,,,,,
pair_000787,positive,,,,,
pair_000788,positive,,,,,
pair_000789,positive,chord_substitution,,,,
pair_000790,positive,duration_scaling,,,,
pair_000791,positive,interval_modification,,,,
pair_000792,positive,ornamentation,,,,
pair_000793,positive,partial_rhythm_modification,,,,
pair_000794,positive,reharmonization,,,,
pair_000795,positive,simplification,,,,
pair_000796,positive,simplification,,,,
pair_000797,positive,tempo_change,,,,
pair_000798,positive,transpose,,,,
pair_000799,positive,,,,,
pair_000800,positive,,,,,
pair_000801,positive,,,,,
pair_000802,positive,,,,,
pair_000803,positive,chord_substitution,,,,
pair_000804,positive,duration_scaling,,,,
pair_000805,positive,interval_modification,,,,
pair_000806,positive,ornamentation,,,,
pair_000807,positive,partial_rhythm_modification,,,,
pair_000808,positive,reharmonization,,,,
pair_000809,positive,simplification,,,,
pair_000810,positive,simplification,,,,
pair_000811,positive,tempo_change,,,,
pair_000812,positive,transpose,,,,
pair_000813,positive,,,,,
pair_000814,positive,,,,,
pair_000815,positive,,,,,
pair_000816,positive,,,,,
pair_000817,positive,chord_substitution,,,,
pair_000818,positive,duration_scaling,,,,
pair_000819,positive,interval_modification,,,,
pair_000820,positive,ornamentation,,,,
pair_000821,positive,partial_rhythm_modification,,,,
pair_000822,positive,reharmonization,,,,
pair_000823,positive,simplification,,,,
pair_000824,positive,simplification,,,,
pair_000825,positive,tempo_change,,,,
pair_000826,positive,transpose,,,,
pair_000827,positive,,,,,
pair_000828,positive,,,,,
pair_000829,positive,,,,,
pair_000830,positive,,,,,
pair_000831,positive,chord_substitution,,,,
pair_000832,positive,duration_scaling,,,,
pair_000833,positive,interval_modification,,,,
pair_000834,positive,ornamentation,,,,
pair_000835,positive,partial_rhythm_modification,,,,
pair_000836,positive,reharmonization,,,,
pair_000837,positive,simplification,,,,
pair_000838,positive,simplification,,,,
pair_000839,positive,tempo_change,,,,
pair_000840,positive,transpose,,,,
pair_000841,positive,,,,,
pair_000842,positive,,,,,
pair_000843,positive,,,,,
pair_000844,positive,,,,,
pair_000845,positive,chord_substitution,,,,
pair_000846,positive,duration_scaling,,,,
pair_000847,positive,interval_modification,,,,
pair_000848,positive,ornamentation,,,,
pair_000849,positive,partial_rhythm_modification,,,,
pair_000850,positive,reharmonization,,,,
pair_000851,positive,simplification,,,,
pair_000852,positive,simplification,,,,
pair_000853,positive,tempo_change,,,,
pair_000854,positive,transpose,,,,
pair_000855,positive,,,,,
pair_000856,positive,,,,,
pair_000857,positive,,,,,
pair_000858,positive,,,,,
pair_000859,positive,chord_substitution,,,,
pair_000860,positive,duration_scaling,,,,
pair_000861,positive,interval_modification,,,,
pair_000862,positive,ornamentation,,,,
pair_000863,positive,partial_rhythm_modification,,,,
pair_000864,positive,reharmonization,,,,
pair_000865,positive,simplification,,,,
pair_000866,positive,simplification,,,,
pair_000867,positive,tempo_change,,,,
pair_000868,positive,transpose,,,,
pair_000869,positive,,,,,
pair_000870,positive,,,,,
pair_000871,positive,,,,,
pair_000872,positive,,,,,
pair_000873,positive,chord_substitution,,,,
pair_000874,positive,duration_scaling,,,,
pair_000875,positive,interval_modification,,,,
pair_000876,positive,ornamentation,,,,
pair_000877,positive,partial_rhythm_modification,,,,
pair_000878,positive,reharmonization,,,,
pair_000879,positive,simplification,,,,
pair_000880,positive,simplification,,,,
pair_000881,positive,tempo_change,,,,
pair_000882,positive,transpose,,,,
pair_000883,positive,,,,,
pair_000884,positive,,,,,
pair_000885,positive,,,,,
pair_000886,positive,,,,,
pair_000887,positive,chord_substitution,,,,
pair_000888,positive,duration_scaling,,,,
pair_000889,positive,interval_modification,,,,
pair_000890,positive,ornamentation,,,,
pair_000891,positive,partial_rhythm_modification,,,,
pair_000892,positive,reharmonization,,,,
pair_000893,positive,simplification,,,,
pair_000894,positive,simplification,,,,
pair_000895,positive,tempo_change,,,,
pair_000896,positive,transpose,,,,
pair_000897,positive,,,,,
pair_000898,positive,,,,,
pair_000899,positive,,,,,
pair_000900,positive,,,,,
pair_000901,positive,chord_substitution,,,,
pair_000902,positive,duration_scaling,,,,
pair_000903,positive,interval_modification,,,,
pair_000904,positive,ornamentation,,,,
pair_000905,positive,partial_rhythm_modification,,,,
pair_000906,positive,reharmonization,,,,
pair_000907,positive,simplification,,,,
pair_000908,positive,simplification,,,,
pair_000909,positive,tempo_change,,,,
pair_000910,positive,transpose,,,,
pair_000911,positive,,,,,
pair_000912,positive,,,,,
pair_000913,positive,,,,,
pair_000914,positive,,,,,
pair_000915,positive,chord_substitution,,,,
pair_000916,positive,duration_scaling,,,,
pair_000917,positive,interval_modification,,,,
pair_000918,positive,ornamentation,,,,
pair_000919,positive,partial_rhythm_modification,,,,
pair_000920,positive,reharmonization,,,,
pair_000921,positive,simplification,,,,
pair_000922,positive,simplification,,,,
pair_000923,positive,tempo_change,,,,
pair_000924,positive,transpose,,,,
pair_000925,positive,,,,,
pair_000926,positive,,,,,
pair_000927,positive,,,,,
pair_000928,positive,,,,,
pair_000929,positive,chord_substitution,,,,
pair_000930,positive,duration_scaling,,,,
pair_000931,positive,interval_modification,,,,
pair_000932,positive,ornamentation,,,,
pair_000933,positive,partial_rhythm_modification,,,,
pair_000934,positive,reharmonization,,,,
pair_000935,positive,simplification,,,,
pair_000936,positive,simplification,,,,
pair_000937,positive,tempo_change,,,,
pair_000938,positive,transpose,,,,
pair_000939,positive,,,,,
pair_000940,positive,,,,,
pair_000941,positive,,,,,
pair_000942,positive,,,,,
pair_000943,positive,chord_substitution,,,,
pair_000944,positive,duration_scaling,,,,
pair_000945,positive,interval_modification,,,,
pair_000946,positive,ornamentation,,,,
pair_000947,positive,partial_rhythm_modification,,,,
pair_000948,positive,reharmonization,,,,
pair_000949,positive,simplification,,,,
pair_000950,positive,simplification,,,,
pair_000951,positive,tempo_change,,,,
pair_000952,positive,transpose,,,,
pair_000953,positive,,,,,
pair_000954,positive,,,,,
pair_000955,positive,,,,,
pair_000956,positive,,,,,
pair_000957,positive,chord_substitution,,,,
pair_000958,positive,duration_scaling,,,,
pair_000959,positive,interval_modification,,,,
pair_000960,positive,ornamentation,,,,
pair_000961,positive,partial_rhythm_modification,,,,
pair_000962,positive,reharmonization,,,,
pair_000963,positive,simplification,,,,
pair_000964,positive,simplification,,,,
pair_000965,positive,tempo_change,,,,
pair_000966,positive,transpose,,,,
pair_000967,positive,,,,,
pair_000968,positive,,,,,
pair_000969,positive,,,,,
pair_000970,positive,,,,,
pair_000971,positive,chord_substitution,,,,
pair_000972,positive,duration_scaling,,,,
pair_000973,positive,interval_modification,,,,
pair_000974,positive,ornamentation,,,,
pair_000975,positive,partial_rhythm_modification,,,,
pair_000976,positive,reharmonization,,,,
pair_000977,positive,simplification,,,,
pair_000978,positive,simplification,,,,
pair_000979,positive,tempo_change,,,,
pair_000980,positive,transpose,,,,
pair_000981,positive,,,,,
pair_000982,positive,,,,,
pair_000983,positive,,,,,
pair_000984,positive,,,,,
pair_000985,positive,chord_substitution,,,,
pair_000986,positive,duration_scaling,,,,
pair_000987,positive,interval_modification,,,,
pair_000988,positive,ornamentation,,,,
pair_000989,positive,partial_rhythm_modification,,,,
pair_000990,positive,reharmonization,,,,
pair_000991,positive,simplification,,,,
pair_000992,positive,simplification,,,,
pair_000993,positive,tempo_change,,,,
pair_000994,positive,transpose,,,,
pair_000995,positive,,,,,
pair_000996,positive,,,,,
pair_000997,positive,,,,,
pair_000998,positive,,,,,
pair_000999,positive,chord_substitution,,,,
pair_001000,positive,duration_scaling,,,,
pair_001001,positive,interval_modification,,,,
pair_001002,positive,ornamentation,,,,
pair_001003,positive,partial_rhythm_modification,,,,
pair_001004,positive,reharmonization,,,,
pair_001005,positive,simplification,,,,
pair_001006,positive,simplification,,,,
pair_001007,positive,tempo_change,,,,
pair_001008,positive,transpose,,,,
pair_001009,positive,,,,,
pair_001010,positive,,,,,
pair_001011,positive,,,,,
pair_001012,positive,,,,,
pair_001013,positive,chord_substitution,,,,
pair_001014,positive,duration_scaling,,,,
pair_001015,positive,interval_modification,,,,
pair_001016,positive,ornamentation,,,,
pair_001017,positive,partial_rhythm_modification,,,,
pair_001018,positive,reharmonization,,,,
pair_001019,positive,simplification,,,,
pair_001020,positive,simplification,,,,
pair_001021,positive,tempo_change,,,,
pair_001022,positive,transpose,,,,
pair_001023,positive,,,,,
pair_001024,positive,,,,,
pair_001025,positive,,,,,
pair_001026,positive,,,,,
pair_001027,positive,chord_substitution,,,,
pair_001028,positive,duration_scaling,,,,
pair_001029,positive,interval_modification,,,,
pair_001030,positive,ornamentation,,,,
pair_001031,positive,partial_rhythm_modification,,,,
pair_001032,positive,reharmonization,,,,
pair_001033,positive,simplification,,,,
pair_001034,positive,simplification,,,,
pair_001035,positive,tempo_change,,,,
pair_001036,positive,transpose,,,,
pair_001037,positive,,,,,
pair_001038,positive,,,,,
pair_001039,positive,,,,,
pair_001040,positive,,,,,
pair_001041,positive,chord_substitution,,,,
pair_001042,positive,duration_scaling,,,,
pair_001043,positive,interval_modification,,,,
pair_001044,positive,ornamentation,,,,
pair_001045,positive,partial_rhythm_modification,,,,
pair_001046,positive,reharmonization,,,,
pair_001047,positive,simplification,,,,
pair_001048,positive,simplification,,,,
pair_001049,positive,tempo_change,,,,
pair_001050,positive,transpose,,,,
pair_001051,positive,,,,,
pair_001052,positive,,,,,
pair_001053,positive,,,,,
pair_001054,positive,,,,,
pair_001055,positive,chord_substitution,,,,
pair_001056,positive,duration_scaling,,,,
pair_001057,positive,interval_modification,,,,
pair_001058,positive,ornamentation,,,,
pair_001059,positive,partial_rhythm_modification,,,,
pair_001060,positive,reharmonization,,,,
pair_001061,positive,simplification,,,,
pair_001062,positive,simplification,,,,
pair_001063,positive,tempo_change,,,,
pair_001064,positive,transpose,,,,
pair_001065,positive,,,,,
pair_001066,positive,,,,,
pair_001067,positive,,,,,
pair_001068,positive,,,,,
pair_001069,positive,chord_substitution,,,,
pair_001070,positive,duration_scaling,,,,
pair_001071,positive,interval_modification,,,,
pair_001072,positive,ornamentation,,,,
pair_001073,positive,partial_rhythm_modification,,,,
pair_001074,positive,reharmonization,,,,
pair_001075,positive,simplification,,,,
pair_001076,positive,simplification,,,,
pair_001077,positive,tempo_change,,,,
pair_001078,positive,transpose,,,,
pair_001079,positive,,,,,
pair_001080,positive,,,,,
pair_001081,positive,,,,,
pair_001082,positive,,,,,
pair_001083,positive,chord_substitution,,,,
pair_001084,positive,duration_scaling,,,,
pair_001085,positive,interval_modification,,,,
pair_001086,positive,ornamentation,,,,
pair_001087,positive,partial_rhythm_modification,,,,
pair_001088,positive,reharmonization,,,,
pair_001089,positive,simplification,,,,
pair_001090,positive,simplification,,,,
pair_001091,positive,tempo_change,,,,
pair_001092,positive,transpose,,,,
pair_001093,positive,,,,,
pair_001094,positive,,,,,
pair_001095,positive,,,,,
pair_001096,positive,,,,,
pair_001097,positive,chord_substitution,,,,
pair_001098,positive,duration_scaling,,,,
pair_001099,positive,interval_modification,,,,
pair_001100,positive,ornamentation,,,,
pair_001101,positive,partial_rhythm_modification,,,,
pair_001102,positive,reharmonization,,,,
pair_001103,positive,simplification,,,,
pair_001104,positive,simplification,,,,
pair_001105,positive,tempo_change,,,,
pair_001106,positive,transpose,,,,
pair_001107,positive,,,,,
pair_001108,positive,,,,,
pair_001109,positive,,,,,
pair_001110,positive,,,,,
pair_001111,positive,chord_substitution,,,,
pair_001112,positive,duration_scaling,,,,
pair_001113,positive,interval_modification,,,,
pair_001114,positive,ornamentation,,,,
pair_001115,positive,partial_rhythm_modification,,,,
pair_001116,positive,reharmonization,,,,
pair_001117,positive,simplification,,,,
pair_001118,positive,simplification,,,,
pair_001119,positive,tempo_change,,,,
pair_001120,positive,transpose,,,,
pair_001121,positive,,,,,
pair_001122,positive,,,,,
pair_001123,positive,,,,,
pair_001124,positive,,,,,
pair_001125,positive,chord_substitution,,,,
pair_001126,positive,duration_scaling,,,,
pair_001127,positive,interval_modification,,,,
pair_001128,positive,ornamentation,,,,
pair_001129,positive,partial_rhythm_modification,,,,
pair_001130,positive,reharmonization,,,,
pair_001131,positive,simplification,,,,
pair_001132,positive,simplification,,,,
pair_001133,positive,tempo_change,,,,
pair_001134,positive,transpose,,,,
pair_001135,positive,,,,,
pair_001136,positive,,,,,
pair_001137,positive,,,,,
pair_001138,positive,,,,,
pair_001139,positive,chord_substitution,,,,
pair_001140,positive,duration_scaling,,,,
pair_001141,positive,interval_modification,,,,
pair_001142,positive,ornamentation,,,,
pair_001143,positive,partial_rhythm_modification,,,,
pair_001144,positive,reharmonization,,,,
pair_001145,positive,simplification,,,,
pair_001146,positive,simplification,,,,
pair_001147,positive,tempo_change,,,,
pair_001148,positive,transpose,,,,
pair_001149,positive,,,,,
pair_001150,positive,,,,,
pair_001151,positive,,,,,
pair_001152,positive,,,,,
pair_001153,positive,chord_substitution,,,,
pair_001154,positive,duration_scaling,,,,
pair_001155,positive,interval_modification,,,,
pair_001156,positive,ornamentation,,,,
pair_001157,positive,partial_rhythm_modification,,,,
pair_001158,positive,reharmonization,,,,
pair_001159,positive,simplification,,,,
pair_001160,positive,simplification,,,,
pair_001161,positive,tempo_change,,,,
pair_001162,positive,transpose,,,,
pair_001163,positive,,,,,
pair_001164,positive,,,,,
pair_001165,positive,,,,,
pair_001166,positive,,,,,
pair_001167,positive,chord_substitution,,,,
pair_001168,positive,duration_scaling,,,,
pair_001169,positive,interval_modification,,,,
pair_001170,positive,ornamentation,,,,
pair_001171,positive,partial_rhythm_modification,,,,
pair_001172,positive,reharmonization,,,,
pair_001173,positive,simplification,,,,
pair_001174,positive,simplification,,,,
pair_001175,positive,tempo_change,,,,
pair_001176,positive,transpose,,,,
pair_001177,positive,,,,,
pair_001178,positive,,,,,
pair_001179,positive,,,,,
pair_001180,positive,,,,,
pair_001181,positive,chord_substitution,,,,
pair_001182,positive,duration_scaling,,,,
pair_001183,positive,interval_modification,,,,
pair_001184,positive,ornamentation,,,,
pair_001185,positive,partial_rhythm_modification,,,,
pair_001186,positive,reharmonization,,,,
pair_001187,positive,simplification,,,,
pair_001188,positive,simplification,,,,
pair_001189,positive,tempo_change,,,,
pair_001190,positive,transpose,,,,
pair_001191,positive,,,,,
pair_001192,positive,,,,,
pair_001193,positive,,,,,
pair_001194,positive,,,,,
pair_001195,positive,chord_substitution,,,,
pair_001196,positive,duration_scaling,,,,
pair_001197,positive,interval_modification,,,,
pair_001198,positive,ornamentation,,,,
pair_001199,positive,partial_rhythm_modification,,,,
pair_001200,positive,reharmonization,,,,
pair_001201,positive,simplification,,,,
pair_001202,positive,simplification,,,,
pair_001203,positive,tempo_change,,,,
pair_001204,positive,transpose,,,,
pair_001205,positive,,,,,
pair_001206,positive,,,,,
pair_001207,positive,,,,,
pair_001208,positive,,,,,
pair_001209,positive,chord_substitution,,,,
pair_001210,positive,duration_scaling,,,,
pair_001211,positive,interval_modification,,,,
pair_001212,positive,ornamentation,,,,
pair_001213,positive,partial_rhythm_modification,,,,
pair_001214,positive,reharmonization,,,,
pair_001215,positive,simplification,,,,
pair_001216,positive,simplification,,,,
pair_001217,positive,tempo_change,,,,
pair_001218,positive,transpose,,,,
pair_001219,positive,,,,,
pair_001220,positive,,,,,
pair_001221,positive,,,,,
pair_001222,positive,,,,,
pair_001223,positive,chord_substitution,,,,
pair_001224,positive,duration_scaling,,,,
pair_001225,positive,interval_modification,,,,
pair_001226,positive,ornamentation,,,,
pair_001227,positive,partial_rhythm_modification,,,,
pair_001228,positive,reharmonization,,,,
pair_001229,positive,simplification,,,,
pair_001230,positive,simplification,,,,
pair_001231,positive,tempo_change,,,,
pair_001232,positive,transpose,,,,
pair_001233,positive,,,,,
pair_001234,positive,,,,,
pair_001235,positive,,,,,
pair_001236,positive,,,,,
pair_001237,positive,chord_substitution,,,,
pair_001238,positive,duration_scaling,,,,
pair_001239,positive,interval_modification,,,,
pair_001240,positive,ornamentation,,,,
pair_001241,positive,partial_rhythm_modification,,,,
pair_001242,positive,reharmonization,,,,
pair_001243,positive,simplification,,,,
pair_001244,positive,simplification,,,,
pair_001245,positive,tempo_change,,,,
pair_001246,positive,transpose,,,,
pair_001247,positive,,,,,
pair_001248,positive,,,,,
pair_001249,positive,,,,,
pair_001250,positive,,,,,
pair_001251,positive,chord_substitution,,,,
pair_001252,positive,duration_scaling,,,,
pair_001253,positive,interval_modification,,,,
pair_001254,positive,ornamentation,,,,
pair_001255,positive,partial_rhythm_modification,,,,
pair_001256,positive,reharmonization,,,,
pair_001257,positive,simplification,,,,
pair_001258,positive,simplification,,,,
pair_001259,positive,tempo_change,,,,
pair_001260,positive,transpose,,,,
pair_001261,positive,,,,,
pair_001262,positive,,,,,
pair_001263,positive,,,,,
pair_001264,positive,,,,,
pair_001265,positive,chord_substitution,,,,
pair_001266,positive,duration_scaling,,,,
pair_001267,positive,interval_modification,,,,
pair_001268,positive,ornamentation,,,,
pair_001269,positive,partial_rhythm_modification,,,,
pair_001270,positive,reharmonization,,,,
pair_001271,positive,simplification,,,,
pair_001272,positive,simplification,,,,
pair_001273,positive,tempo_change,,,,
pair_001274,positive,transpose,,,,
pair_001275,positive,,,,,
pair_001276,positive,,,,,
pair_001277,positive,,,,,
pair_001278,positive,,,,,
pair_001279,positive,chord_substitution,,,,
pair_001280,positive,duration_scaling,,,,
pair_001281,positive,interval_modification,,,,
pair_001282,positive,ornamentation,,,,
pair_001283,positive,partial_rhythm_modification,,,,
pair_001284,positive,reharmonization,,,,
pair_001285,positive,simplification,,,,
pair_001286,positive,simplification,,,,
pair_001287,positive,tempo_change,,,,
pair_001288,positive,transpose,,,,
pair_001289,positive,,,,,
pair_001290,positive,,,,,
pair_001291,positive,,,,,
pair_001292,positive,,,,,
pair_001293,positive,chord_substitution,,,,
pair_001294,positive,duration_scaling,,,,
pair_001295,positive,interval_modification,,,,
pair_001296,positive,ornamentation,,,,
pair_001297,positive,partial_rhythm_modification,,,,
pair_001298,positive,reharmonization,,,,
pair_001299,positive,simplification,,,,
pair_001300,positive,simplification,,,,
pair_001301,positive,tempo_change,,,,
pair_001302,positive,transpose,,,,
pair_001303,positive,,,,,
pair_001304,positive,,,,,
pair_001305,positive,,,,,
pair_001306,positive,,,,,
pair_001307,positive,chord_substitution,,,,
pair_001308,positive,duration_scaling,,,,
pair_001309,positive,interval_modification,,,,
pair_001310,positive,ornamentation,,,,
pair_001311,positive,partial_rhythm_modification,,,,
pair_001312,positive,reharmonization,,,,
pair_001313,positive,simplification,,,,
pair_001314,positive,simplification,,,,
pair_001315,positive,tempo_change,,,,
pair_001316,positive,transpose,,,,
pair_001317,positive,,,,,
pair_001318,positive,,,,,
pair_001319,positive,,,,,
pair_001320,positive,,,,,
pair_001321,positive,chord_substitution,,,,
pair_001322,positive,duration_scaling,,,,
pair_001323,positive,interval_modification,,,,
pair_001324,positive,ornamentation,,,,
pair_001325,positive,partial_rhythm_modification,,,,
pair_001326,positive,reharmonization,,,,
pair_001327,positive,simplification,,,,
pair_001328,positive,simplification,,,,
pair_001329,positive,tempo_change,,,,
pair_001330,positive,transpose,,,,
pair_001331,positive,,,,,
pair_001332,positive,,,,,
pair_001333,positive,,,,,
pair_001334,positive,,,,,
pair_001335,positive,chord_substitution,,,,
pair_001336,positive,duration_scaling,,,,
pair_001337,positive,interval_modification,,,,
pair_001338,positive,ornamentation,,,,
pair_001339,positive,partial_rhythm_modification,,,,
pair_001340,positive,reharmonization,,,,
pair_001341,positive,simplification,,,,
pair_001342,positive,simplification,,,,
pair_001343,positive,tempo_change,,,,
pair_001344,positive,transpose,,,,
pair_001345,positive,,,,,
pair_001346,positive,,,,,
pair_001347,positive,,,,,
pair_001348,positive,,,,,
pair_001349,positive,chord_substitution,,,,
pair_001350,positive,duration_scaling,,,,
pair_001351,positive,interval_modification,,,,
pair_001352,positive,ornamentation,,,,
pair_001353,positive,partial_rhythm_modification,,,,
pair_001354,positive,reharmonization,,,,
pair_001355,positive,simplification,,,,
pair_001356,positive,simplification,,,,
pair_001357,positive,tempo_change,,,,
pair_001358,positive,transpose,,,,
pair_001359,positive,,,,,
pair_001360,positive,,,,,
pair_001361,positive,,,,,
pair_001362,positive,,,,,
pair_001363,positive,chord_substitution,,,,
pair_001364,positive,duration_scaling,,,,
pair_001365,positive,interval_modification,,,,
pair_001366,positive,ornamentation,,,,
pair_001367,positive,partial_rhythm_modification,,,,
pair_001368,positive,reharmonization,,,,
pair_001369,positive,simplification,,,,
pair_001370,positive,simplification,,,,
pair_001371,positive,tempo_change,,,,
pair_001372,positive,transpose,,,,
pair_001373,positive,,,,,
pair_001374,positive,,,,,
pair_001375,positive,,,,,
pair_001376,positive,,,,,
pair_001377,positive,chord_substitution,,,,
pair_001378,positive,duration_scaling,,,,
pair_001379,positive,interval_modification,,,,
pair_001380,positive,ornamentation,,,,
pair_001381,positive,partial_rhythm_modification,,,,
pair_001382,positive,reharmonization,,,,
pair_001383,positive,simplification,,,,
pair_001384,positive,simplification,,,,
pair_001385,positive,tempo_change,,,,
pair_001386,positive,transpose,,,,
pair_001387,positive,,,,,
pair_001388,positive,,,,,
pair_001389,positive,,,,,
pair_001390,positive,,,,,
pair_001391,positive,chord_substitution,,,,
pair_001392,positive,duration_scaling,,,,
pair_001393,positive,interval_modification,,,,
pair_001394,positive,ornamentation,,,,
pair_001395,positive,partial_rhythm_modification,,,,
pair_001396,positive,reharmonization,,,,
pair_001397,positive,simplification,,,,
pair_001398,positive,simplification,,,,
pair_001399,positive,tempo_change,,,,
pair_001400,positive,transpose,,,,
pair_001401,positive,,,,,
pair_001402,positive,,,,,
pair_001403,positive,,,,,
pair_001404,positive,,,,,
pair_001405,positive,chord_substitution,,,,
pair_001406,positive,duration_scaling,,,,
pair_001407,positive,interval_modification,,,,
pair_001408,positive,ornamentation,,,,
pair_001409,positive,partial_rhythm_modification,,,,
pair_001410,positive,reharmonization,,,,
pair_001411,positive,simplification,,,,
pair_001412,positive,simplification,,,,
pair_001413,positive,tempo_change,,,,
pair_001414,positive,transpose,,,,
pair_001415,positive,,,,,
pair_001416,positive,,,,,
pair_001417,positive,,,,,
pair_001418,positive,,,,,
pair_001419,positive,chord_substitution,,,,
pair_001420,positive,duration_scaling,,,,
pair_001421,positive,interval_modification,,,,
pair_001422,positive,ornamentation,,,,
pair_001423,positive,partial_rhythm_modification,,,,
pair_001424,positive,reharmonization,,,,
pair_001425,positive,simplification,,,,
pair_001426,positive,simplification,,,,
pair_001427,positive,tempo_change,,,,
pair_001428,positive,transpose,,,,
pair_001429,positive,,,,,
pair_001430,positive,,,,,
pair_001431,positive,,,,,
pair_001432,positive,,,,,
pair_001433,positive,chord_substitution,,,,
pair_001434,positive,duration_scaling,,,,
pair_001435,positive,interval_modification,,,,
pair_001436,positive,ornamentation,,,,
pair_001437,positive,partial_rhythm_modification,,,,
pair_001438,positive,reharmonization,,,,
pair_001439,positive,simplification,,,,
pair_001440,positive,simplification,,,,
pair_001441,positive,tempo_change,,,,
pair_001442,positive,transpose,,,,
pair_001443,positive,,,,,
pair_001444,positive,,,,,
pair_001445,positive,,,,,
pair_001446,positive,,,,,
pair_001447,positive,chord_substitution,,,,
pair_001448,positive,duration_scaling,,,,
pair_001449,positive,interval_modification,,,,
pair_001450,positive,ornamentation,,,,
pair_001451,positive,partial_rhythm_modification,,,,
pair_001452,positive,reharmonization,,,,
pair_001453,positive,simplification,,,,
pair_001454,positive,simplification,,,,
pair_001455,positive,tempo_change,,,,
pair_001456,positive,transpose,,,,
pair_001457,positive,,,,,
pair_001458,positive,,,,,
pair_001459,positive,,,,,
pair_001460,positive,,,,,
pair_001461,positive,chord_substitution,,,,
pair_001462,positive,duration_scaling,,,,
pair_001463,positive,interval_modification,,,,
pair_001464,positive,ornamentation,,,,
pair_001465,positive,partial_rhythm_modification,,,,
pair_001466,positive,reharmonization,,,,
pair_001467,positive,simplification,,,,
pair_001468,positive,simplification,,,,
pair_001469,positive,tempo_change,,,,
pair_001470,positive,transpose,,,,
pair_001471,positive,,,,,
pair_001472,positive,,,,,
pair_001473,positive,,,,,
pair_001474,positive,,,,,
pair_001475,positive,chord_substitution,,,,
pair_001476,positive,duration_scaling,,,,
pair_001477,positive,interval_modification,,,,
pair_001478,positive,ornamentation,,,,
pair_001479,positive,partial_rhythm_modification,,,,
pair_001480,positive,reharmonization,,,,
pair_001481,positive,simplification,,,,
pair_001482,positive,simplification,,,,
pair_001483,positive,tempo_change,,,,
pair_001484,positive,transpose,,,,
pair_001485,positive,,,,,
pair_001486,positive,,,,,
pair_001487,positive,,,,,
pair_001488,positive,,,,,
pair_001489,positive,chord_substitution,,,,
pair_001490,positive,duration_scaling,,,,
pair_001491,positive,interval_modification,,,,
pair_001492,positive,ornamentation,,,,
pair_001493,positive,partial_rhythm_modification,,,,
pair_001494,positive,reharmonization,,,,
pair_001495,positive,simplification,,,,
pair_001496,positive,simplification,,,,
pair_001497,positive,tempo_change,,,,
pair_001498,positive,transpose,,,,
pair_001499,positive,,,,,
pair_001500,positive,,,,,
pair_001501,positive,,,,,
pair_001502,positive,,,,,
pair_001503,positive,chord_substitution,,,,
pair_001504,positive,duration_scaling,,,,
pair_001505,positive,interval_modification,,,,
pair_001506,positive,ornamentation,,,,
pair_001507,positive,partial_rhythm_modification,,,,
pair_001508,positive,reharmonization,,,,
pair_001509,positive,simplification,,,,
pair_001510,positive,simplification,,,,
pair_001511,positive,tempo_change,,,,
pair_001512,positive,transpose,,,,
pair_001513,positive,,,,,
pair_001514,positive,,,,,
pair_001515,positive,,,,,
pair_001516,positive,,,,,
pair_001517,positive,chord_substitution,,,,
pair_001518,positive,duration_scaling,,,,
pair_001519,positive,interval_modification,,,,
pair_001520,positive,ornamentation,,,,
pair_001521,positive,partial_rhythm_modification,,,,
pair_001522,positive,reharmonization,,,,
pair_001523,positive,simplification,,,,
pair_001524,positive,simplification,,,,
pair_001525,positive,tempo_change,,,,
pair_001526,positive,transpose,,,,
pair_001527,positive,,,,,
pair_001528,positive,,,,,
pair_001529,positive,,,,,
pair_001530,positive,,,,,
pair_001531,positive,chord_substitution,,,,
pair_001532,positive,duration_scaling,,,,
pair_001533,positive,interval_modification,,,,
pair_001534,positive,ornamentation,,,,
pair_001535,positive,partial_rhythm_modification,,,,
pair_001536,positive,reharmonization,,,,
pair_001537,positive,simplification,,,,
pair_001538,positive,simplification,,,,
pair_001539,positive,tempo_change,,,,
pair_001540,positive,transpose,,,,
pair_001541,positive,,,,,
pair_001542,positive,,,,,
pair_001543,positive,,,,,
pair_001544,positive,,,,,
pair_001545,positive,chord_substitution,,,,
pair_001546,positive,duration_scaling,,,,
pair_001547,positive,interval_modification,,,,
pair_001548,positive,ornamentation,,,,
pair_001549,positive,partial_rhythm_modification,,,,
pair_001550,positive,reharmonization,,,,
pair_001551,positive,simplification,,,,
pair_001552,positive,simplification,,,,
pair_001553,positive,tempo_change,,,,
pair_001554,positive,transpose,,,,
pair_001555,positive,,,,,
pair_001556,positive,,,,,
pair_001557,positive,,,,,
pair_001558,positive,,,,,
pair_001559,positive,chord_substitution,,,,
pair_001560,positive,duration_scaling,,,,
pair_001561,positive,interval_modification,,,,
pair_001562,positive,ornamentation,,,,
pair_001563,positive,partial_rhythm_modification,,,,
pair_001564,positive,reharmonization,,,,
pair_001565,positive,simplification,,,,
pair_001566,positive,simplification,,,,
pair_001567,positive,tempo_change,,,,
pair_001568,positive,transpose,,,,
pair_001569,positive,,,,,
pair_001570,positive,,,,,
pair_001571,positive,,,,,
pair_001572,positive,,,,,
pair_001573,positive,chord_substitution,,,,
pair_001574,positive,duration_scaling,,,,
pair_001575,positive,interval_modification,,,,
pair_001576,positive,ornamentation,,,,
pair_001577,positive,partial_rhythm_modification,,,,
pair_001578,positive,reharmonization,,,,
pair_001579,positive,simplification,,,,
pair_001580,positive,simplification,,,,
pair_001581,positive,tempo_change,,,,
pair_001582,positive,transpose,,,,
pair_001583,positive,,,,,
pair_001584,positive,,,,,
pair_001585,positive,,,,,
pair_001586,positive,,,,,
pair_001587,positive,chord_substitution,,,,
pair_001588,positive,duration_scaling,,,,
pair_001589,positive,interval_modification,,,,
pair_001590,positive,ornamentation,,,,
pair_001591,positive,partial_rhythm_modification,,,,
pair_001592,positive,reharmonization,,,,
pair_001593,positive,simplification,,,,
pair_001594,positive,simplification,,,,
pair_001595,positive,tempo_change,,,,
pair_001596,positive,transpose,,,,
pair_001597,positive,,,,,
pair_001598,positive,,,,,
pair_001599,positive,,,,,
pair_001600,positive,,,,,
pair_001601,positive,chord_substitution,,,,
pair_001602,positive,duration_scaling,,,,
pair_001603,positive,interval_modification,,,,
pair_001604,positive,ornamentation,,,,
pair_001605,positive,partial_rhythm_modification,,,,
pair_001606,positive,reharmonization,,,,
pair_001607,positive,simplification,,,,
pair_001608,positive,simplification,,,,
pair_001609,positive,tempo_change,,,,
pair_001610,positive,transpose,,,,
pair_001611,positive,,,,,
pair_001612,positive,,,,,
pair_001613,positive,,,,,
pair_001614,positive,,,,,
pair_001615,positive,chord_substitution,,,,
pair_001616,positive,duration_scaling,,,,
pair_001617,positive,interval_modification,,,,
pair_001618,positive,ornamentation,,,,
pair_001619,positive,partial_rhythm_modification,,,,
pair_001620,positive,reharmonization,,,,
pair_001621,positive,simplification,,,,
pair_001622,positive,simplification,,,,
pair_001623,positive,tempo_change,,,,
pair_001624,positive,transpose,,,,
pair_001625,positive,,,,,
pair_001626,positive,,,,,
pair_001627,positive,,,,,
pair_001628,positive,,,,,
pair_001629,positive,chord_substitution,,,,
pair_001630,positive,duration_scaling,,,,
pair_001631,positive,interval_modification,,,,
pair_001632,positive,ornamentation,,,,
pair_001633,positive,partial_rhythm_modification,,,,
pair_001634,positive,reharmonization,,,,
pair_001635,positive,simplification,,,,
pair_001636,positive,simplification,,,,
pair_001637,positive,tempo_change,,,,
pair_001638,positive,transpose,,,,
pair_001639,positive,,,,,
pair_001640,positive,,,,,
pair_001641,positive,,,,,
pair_001642,positive,,,,,
pair_001643,positive,chord_substitution,,,,
pair_001644,positive,duration_scaling,,,,
pair_001645,positive,interval_modification,,,,
pair_001646,positive,ornamentation,,,,
pair_001647,positive,partial_rhythm_modification,,,,
pair_001648,positive,reharmonization,,,,
pair_001649,positive,simplification,,,,
pair_001650,positive,simplification,,,,
pair_001651,positive,tempo_change,,,,
pair_001652,positive,transpose,,,,
pair_001653,positive,,,,,
pair_001654,positive,,,,,
pair_001655,positive,,,,,
pair_001656,positive,,,,,
pair_001657,positive,chord_substitution,,,,
pair_001658,positive,duration_scaling,,,,
pair_001659,positive,interval_modification,,,,
pair_001660,positive,ornamentation,,,,
pair_001661,positive,partial_rhythm_modification,,,,
pair_001662,positive,reharmonization,,,,
pair_001663,positive,simplification,,,,
pair_001664,positive,simplification,,,,
pair_001665,positive,tempo_change,,,,
pair_001666,positive,transpose,,,,
pair_001667,positive,,,,,
pair_001668,positive,,,,,
pair_001669,positive,,,,,
pair_001670,positive,,,,,
pair_001671,positive,chord_substitution,,,,
pair_001672,positive,duration_scaling,,,,
pair_001673,positive,interval_modification,,,,
pair_001674,positive,ornamentation,,,,
pair_001675,positive,partial_rhythm_modification,,,,
pair_001676,positive,reharmonization,,,,
pair_001677,positive,simplification,,,,
pair_001678,positive,simplification,,,,
pair_001679,positive,tempo_change,,,,
pair_001680,positive,transpose,,,,
pair_001681,positive,,,,,
pair_001682,positive,,,,,
pair_001683,positive,,,,,
pair_001684,positive,,,,,
pair_001685,positive,chord_substitution,,,,
pair_001686,positive,duration_scaling,,,,
pair_001687,positive,interval_modification,,,,
pair_001688,positive,ornamentation,,,,
pair_001689,positive,partial_rhythm_modification,,,,
pair_001690,positive,reharmonization,,,,
pair_001691,positive,simplification,,,,
pair_001692,positive,simplification,,,,
pair_001693,positive,tempo_change,,,,
pair_001694,positive,transpose,,,,
pair_001695,positive,,,,,
pair_001696,positive,,,,,
pair_001697,positive,,,,,
pair_001698,positive,,,,,
pair_001699,positive,chord_substitution,,,,
pair_001700,positive,duration_scaling,,,,
pair_001701,positive,interval_modification,,,,
pair_001702,positive,ornamentation,,,,
pair_001703,positive,partial_rhythm_modification,,,,
pair_001704,positive,reharmonization,,,,
pair_001705,positive,simplification,,,,
pair_001706,positive,simplification,,,,
pair_001707,positive,tempo_change,,,,
pair_001708,positive,transpose,,,,
pair_001709,positive,,,,,
pair_001710,positive,,,,,
pair_001711,positive,,,,,
pair_001712,positive,,,,,
pair_001713,positive,chord_substitution,,,,
pair_001714,positive,duration_scaling,,,,
pair_001715,positive,interval_modification,,,,
pair_001716,positive,ornamentation,,,,
pair_001717,positive,partial_rhythm_modification,,,,
pair_001718,positive,reharmonization,,,,
pair_001719,positive,simplification,,,,
pair_001720,positive,simplification,,,,
pair_001721,positive,tempo_change,,,,
pair_001722,positive,transpose,,,,
pair_001723,positive,,,,,
pair_001724,positive,,,,,
pair_001725,positive,,,,,
pair_001726,positive,,,,,
pair_001727,positive,chord_substitution,,,,
pair_001728,positive,duration_scaling,,,,
pair_001729,positive,interval_modification,,,,
pair_001730,positive,ornamentation,,,,
pair_001731,positive,partial_rhythm_modification,,,,
pair_001732,positive,reharmonization,,,,
pair_001733,positive,simplification,,,,
pair_001734,positive,simplification,,,,
pair_001735,positive,tempo_change,,,,
pair_001736,positive,transpose,,,,
pair_001737,positive,,,,,
pair_001738,positive,,,,,
pair_001739,positive,,,,,
pair_001740,positive,,,,,
pair_001741,positive,chord_substitution,,,,
pair_001742,positive,duration_scaling,,,,
pair_001743,positive,interval_modification,,,,
pair_001744,positive,ornamentation,,,,
pair_001745,positive,partial_rhythm_modification,,,,
pair_001746,positive,reharmonization,,,,
pair_001747,positive,simplification,,,,
pair_001748,positive,simplification,,,,
pair_001749,positive,tempo_change,,,,
pair_001750,positive,transpose,,,,
pair_001751,positive,,,,,
pair_001752,positive,,,,,
pair_001753,positive,,,,,
pair_001754,positive,,,,,
pair_001755,positive,chord_substitution,,,,
pair_001756,positive,duration_scaling,,,,
pair_001757,positive,interval_modification,,,,
pair_001758,positive,ornamentation,,,,
pair_001759,positive,partial_rhythm_modification,,,,
pair_001760,positive,reharmonization,,,,
pair_001761,positive,simplification,,,,
pair_001762,positive,simplification,,,,
pair_001763,positive,tempo_change,,,,
pair_001764,positive,transpose,,,,
pair_001765,positive,,,,,
pair_001766,positive,,,,,
pair_001767,positive,,,,,
pair_001768,positive,,,,,
pair_001769,positive,chord_substitution,,,,
pair_001770,positive,duration_scaling,,,,
pair_001771,positive,interval_modification,,,,
pair_001772,positive,ornamentation,,,,
pair_001773,positive,partial_rhythm_modification,,,,
pair_001774,positive,reharmonization,,,,
pair_001775,positive,simplification,,,,
pair_001776,positive,simplification,,,,
pair_001777,positive,tempo_change,,,,
pair_001778,positive,transpose,,,,
pair_001779,positive,,,,,
pair_001780,positive,,,,,
pair_001781,positive,,,,,
pair_001782,positive,,,,,
pair_001783,positive,chord_substitution,,,,
pair_001784,positive,duration_scaling,,,,
pair_001785,positive,interval_modification,,,,
pair_001786,positive,ornamentation,,,,
pair_001787,positive,partial_rhythm_modification,,,,
pair_001788,positive,reharmonization,,,,
pair_001789,positive,simplification,,,,
pair_001790,positive,simplification,,,,
pair_001791,positive,tempo_change,,,,
pair_001792,positive,transpose,,,,
pair_001793,positive,,,,,
pair_001794,positive,,,,,
pair_001795,positive,,,,,
pair_001796,positive,,,,,
pair_001797,positive,chord_substitution,,,,
pair_001798,positive,duration_scaling,,,,
pair_001799,positive,interval_modification,,,,
pair_001800,positive,ornamentation,,,,
pair_001801,positive,partial_rhythm_modification,,,,
pair_001802,positive,reharmonization,,,,
pair_001803,positive,simplification,,,,
pair_001804,positive,simplification,,,,
pair_001805,positive,tempo_change,,,,
pair_001806,positive,transpose,,,,
pair_001807,positive,,,,,
pair_001808,positive,,,,,
pair_001809,positive,,,,,
pair_001810,positive,,,,,
pair_001811,positive,chord_substitution,,,,
pair_001812,positive,duration_scaling,,,,
pair_001813,positive,interval_modification,,,,
pair_001814,positive,ornamentation,,,,
pair_001815,positive,partial_rhythm_modification,,,,
pair_001816,positive,reharmonization,,,,
pair_001817,positive,simplification,,,,
pair_001818,positive,simplification,,,,
pair_001819,positive,tempo_change,,,,
pair_001820,positive,transpose,,,,
pair_001821,positive,,,,,
pair_001822,positive,,,,,
pair_001823,positive,,,,,
pair_001824,positive,,,,,
pair_001825,positive,chord_substitution,,,,
pair_001826,positive,duration_scaling,,,,
pair_001827,positive,interval_modification,,,,
pair_001828,positive,ornamentation,,,,
pair_001829,positive,partial_rhythm_modification,,,,
pair_001830,positive,reharmonization,,,,
pair_001831,positive,simplification,,,,
pair_001832,positive,simplification,,,,
pair_001833,positive,tempo_change,,,,
pair_001834,positive,transpose,,,,
pair_001835,positive,,,,,
pair_001836,positive,,,,,
pair_001837,positive,,,,,
pair_001838,positive,,,,,
pair_001839,positive,chord_substitution,,,,
pair_001840,positive,duration_scaling,,,,
pair_001841,positive,interval_modification,,,,
pair_001842,positive,ornamentation,,,,
pair_001843,positive,partial_rhythm_modification,,,,
pair_001844,positive,reharmonization,,,,
pair_001845,positive,simplification,,,,
pair_001846,positive,simplification,,,,
pair_001847,positive,tempo_change,,,,
pair_001848,positive,transpose,,,,
pair_001849,positive,,,,,
pair_001850,positive,,,,,
pair_001851,positive,,,,,
pair_001852,positive,,,,,
pair_001853,positive,chord_substitution,,,,
pair_001854,positive,duration_scaling,,,,
pair_001855,positive,interval_modification,,,,
pair_001856,positive,ornamentation,,,,
pair_001857,positive,partial_rhythm_modification,,,,
pair_001858,positive,reharmonization,,,,
pair_001859,positive,simplification,,,,
pair_001860,positive,simplification,,,,
pair_001861,positive,tempo_change,,,,
pair_001862,positive,transpose,,,,
pair_001863,positive,,,,,
pair_001864,positive,,,,,
pair_001865,positive,,,,,
pair_001866,positive,,,,,
pair_001867,positive,chord_substitution,,,,
pair_001868,positive,duration_scaling,,,,
pair_001869,positive,interval_modification,,,,
pair_001870,positive,ornamentation,,,,
pair_001871,positive,partial_rhythm_modification,,,,
pair_001872,positive,reharmonization,,,,
pair_001873,positive,simplification,,,,
pair_001874,positive,simplification,,,,
pair_001875,positive,tempo_change,,,,
pair_001876,positive,transpose,,,,
pair_001877,positive,,,,,
pair_001878,positive,,,,,
pair_001879,positive,,,,,
pair_001880,positive,,,,,
pair_001881,positive,chord_substitution,,,,
pair_001882,positive,duration_scaling,,,,
pair_001883,positive,interval_modification,,,,
pair_001884,positive,ornamentation,,,,
pair_001885,positive,partial_rhythm_modification,,,,
pair_001886,positive,reharmonization,,,,
pair_001887,positive,simplification,,,,
pair_001888,positive,simplification,,,,
pair_001889,positive,tempo_change,,,,
pair_001890,positive,transpose,,,,
pair_001891,positive,,,,,
pair_001892,positive,,,,,
pair_001893,positive,,,,,
pair_001894,positive,,,,,
pair_001895,positive,chord_substitution,,,,
pair_001896,positive,duration_scaling,,,,
pair_001897,positive,interval_modification,,,,
pair_001898,positive,ornamentation,,,,
pair_001899,positive,partial_rhythm_modification,,,,
pair_001900,positive,reharmonization,,,,
pair_001901,positive,simplification,,,,
pair_001902,positive,simplification,,,,
pair_001903,positive,tempo_change,,,,
pair_001904,positive,transpose,,,,
pair_001905,positive,,,,,
pair_001906,positive,,,,,
pair_001907,positive,,,,,
pair_001908,positive,,,,,
pair_001909,positive,chord_substitution,,,,
pair_001910,positive,duration_scaling,,,,
pair_001911,positive,interval_modification,,,,
pair_001912,positive,ornamentation,,,,
pair_001913,positive,partial_rhythm_modification,,,,
pair_001914,positive,reharmonization,,,,
pair_001915,positive,simplification,,,,
pair_001916,positive,simplification,,,,
pair_001917,positive,tempo_change,,,,
pair_001918,positive,transpose,,,,
pair_001919,positive,,,,,
pair_001920,positive,,,,,
pair_001921,positive,,,,,
pair_001922,positive,,,,,
pair_001923,positive,chord_substitution,,,,
pair_001924,positive,duration_scaling,,,,
pair_001925,positive,interval_modification,,,,
pair_001926,positive,ornamentation,,,,
pair_001927,positive,partial_rhythm_modification,,,,
pair_001928,positive,reharmonization,,,,
pair_001929,positive,simplification,,,,
pair_001930,positive,simplification,,,,
pair_001931,positive,tempo_change,,,,
pair_001932,positive,transpose,,,,
pair_001933,positive,,,,,
pair_001934,positive,,,,,
pair_001935,positive,,,,,
pair_001936,positive,,,,,
pair_001937,positive,chord_substitution,,,,
pair_001938,positive,duration_scaling,,,,
pair_001939,positive,interval_modification,,,,
pair_001940,positive,ornamentation,,,,
pair_001941,positive,partial_rhythm_modification,,,,
pair_001942,positive,reharmonization,,,,
pair_001943,positive,simplification,,,,
pair_001944,positive,simplification,,,,
pair_001945,positive,tempo_change,,,,
pair_001946,positive,transpose,,,,
pair_001947,positive,,,,,
pair_001948,positive,,,,,
pair_001949,positive,,,,,
pair_001950,positive,,,,,
pair_001951,positive,chord_substitution,,,,
pair_001952,positive,duration_scaling,,,,
pair_001953,positive,interval_modification,,,,
pair_001954,positive,ornamentation,,,,
pair_001955,positive,partial_rhythm_modification,,,,
pair_001956,positive,reharmonization,,,,
pair_001957,positive,simplification,,,,
pair_001958,positive,simplification,,,,
pair_001959,positive,tempo_change,,,,
pair_001960,positive,transpose,,,,
pair_001961,positive,,,,,
pair_001962,positive,,,,,
pair_001963,positive,,,,,
pair_001964,positive,,,,,
pair_001965,positive,chord_substitution,,,,
pair_001966,positive,duration_scaling,,,,
pair_001967,positive,interval_modification,,,,
pair_001968,positive,ornamentation,,,,
pair_001969,positive,partial_rhythm_modification,,,,
pair_001970,positive,reharmonization,,,,
pair_001971,positive,simplification,,,,
pair_001972,positive,simplification,,,,
pair_001973,positive,tempo_change,,,,
pair_001974,positive,transpose,,,,
pair_001975,positive,,,,,
pair_001976,positive,,,,,
pair_001977,positive,,,,,
pair_001978,positive,,,,,
pair_001979,positive,chord_substitution,,,,
pair_001980,positive,duration_scaling,,,,
pair_001981,positive,interval_modification,,,,
pair_001982,positive,ornamentation,,,,
pair_001983,positive,partial_rhythm_modification,,,,
pair_001984,positive,reharmonization,,,,
pair_001985,positive,simplification,,,,
pair_001986,positive,simplification,,,,
pair_001987,positive,tempo_change,,,,
pair_001988,positive,transpose,,,,
pair_001989,positive,,,,,
pair_001990,positive,,,,,
pair_001991,positive,,,,,
pair_001992,positive,,,,,
pair_001993,positive,chord_substitution,,,,
pair_001994,positive,duration_scaling,,,,
pair_001995,positive,interval_modification,,,,
pair_001996,positive,ornamentation,,,,
pair_001997,positive,partial_rhythm_modification,,,,
pair_001998,positive,reharmonization,,,,
pair_001999,positive,simplification,,,,
pair_002000,positive,simplification,,,,
pair_002001,positive,tempo_change,,,,
pair_002002,positive,transpose,,,,
pair_002003,positive,,,,,
pair_002004,positive,,,,,
pair_002005,positive,,,,,
pair_002006,positive,,,,,
pair_002007,positive,chord_substitution,,,,
pair_002008,positive,duration_scaling,,,,
pair_002009,positive,interval_modification,,,,
pair_002010,positive,ornamentation,,,,
pair_002011,positive,partial_rhythm_modification,,,,
pair_002012,positive,reharmonization,,,,
pair_002013,positive,simplification,,,,
pair_002014,positive,simplification,,,,
pair_002015,positive,tempo_change,,,,
pair_002016,positive,transpose,,,,
pair_002017,positive,,,,,
pair_002018,positive,,,,,
pair_002019,positive,,,,,
pair_002020,positive,,,,,
pair_002021,positive,chord_substitution,,,,
pair_002022,positive,duration_scaling,,,,
pair_002023,positive,interval_modification,,,,
pair_002024,positive,ornamentation,,,,
pair_002025,positive,partial_rhythm_modification,,,,
pair_002026,positive,reharmonization,,,,
pair_002027,positive,simplification,,,,
pair_002028,positive,simplification,,,,
pair_002029,positive,tempo_change,,,,
pair_002030,positive,transpose,,,,
pair_002031,positive,,,,,
pair_002032,positive,,,,,
pair_002033,positive,,,,,
pair_002034,positive,,,,,
pair_002035,positive,chord_substitution,,,,
pair_002036,positive,duration_scaling,,,,
pair_002037,positive,interval_modification,,,,
pair_002038,positive,ornamentation,,,,
pair_002039,positive,partial_rhythm_modification,,,,
pair_002040,positive,reharmonization,,,,
pair_002041,positive,simplification,,,,
pair_002042,positive,simplification,,,,
pair_002043,positive,tempo_change,,,,
pair_002044,positive,transpose,,,,
pair_002045,positive,,,,,
pair_002046,positive,,,,,
pair_002047,positive,,,,,
pair_002048,positive,,,,,
pair_002049,positive,chord_substitution,,,,
pair_002050,positive,duration_scaling,,,,
pair_002051,positive,interval_modification,,,,
pair_002052,positive,ornamentation,,,,
pair_002053,positive,partial_rhythm_modification,,,,
pair_002054,positive,reharmonization,,,,
pair_002055,positive,simplification,,,,
pair_002056,positive,simplification,,,,
pair_002057,positive,tempo_change,,,,
pair_002058,positive,transpose,,,,
pair_002059,positive,,,,,
pair_002060,positive,,,,,
pair_002061,positive,,,,,
pair_002062,positive,,,,,
pair_002063,positive,chord_substitution,,,,
pair_002064,positive,duration_scaling,,,,
pair_002065,positive,interval_modification,,,,
pair_002066,positive,ornamentation,,,,
pair_002067,positive,partial_rhythm_modification,,,,
pair_002068,positive,reharmonization,,,,
pair_002069,positive,simplification,,,,
pair_002070,positive,simplification,,,,
pair_002071,positive,tempo_change,,,,
pair_002072,positive,transpose,,,,
pair_002073,positive,,,,,
pair_002074,positive,,,,,
pair_002075,positive,,,,,
pair_002076,positive,,,,,
pair_002077,positive,chord_substitution,,,,
pair_002078,positive,duration_scaling,,,,
pair_002079,positive,interval_modification,,,,
pair_002080,positive,ornamentation,,,,
pair_002081,positive,partial_rhythm_modification,,,,
pair_002082,positive,reharmonization,,,,
pair_002083,positive,simplification,,,,
pair_002084,positive,simplification,,,,
pair_002085,positive,tempo_change,,,,
pair_002086,positive,transpose,,,,
pair_002087,positive,,,,,
pair_002088,positive,,,,,
pair_002089,positive,,,,,
pair_002090,positive,,,,,
pair_002091,positive,chord_substitution,,,,
pair_002092,positive,duration_scaling,,,,
pair_002093,positive,interval_modification,,,,
pair_002094,positive,ornamentation,,,,
pair_002095,positive,partial_rhythm_modification,,,,
pair_002096,positive,reharmonization,,,,
pair_002097,positive,simplification,,,,
pair_002098,positive,simplification,,,,
pair_002099,positive,tempo_change,,,,
pair_002100,positive,transpose,,,,
pair_002101,positive,,,,,
pair_002102,positive,,,,,
pair_002103,positive,,,,,
pair_002104,positive,,,,,
pair_002105,positive,chord_substitution,,,,
pair_002106,positive,duration_scaling,,,,
pair_002107,positive,interval_modification,,,,
pair_002108,positive,ornamentation,,,,
pair_002109,positive,partial_rhythm_modification,,,,
pair_002110,positive,reharmonization,,,,
pair_002111,positive,simplification,,,,
pair_002112,positive,simplification,,,,
pair_002113,positive,tempo_change,,,,
pair_002114,positive,transpose,,,,
pair_002115,positive,,,,,
pair_002116,positive,,,,,
pair_002117,positive,,,,,
pair_002118,positive,,,,,
pair_002119,positive,chord_substitution,,,,
pair_002120,positive,duration_scaling,,,,
pair_002121,positive,interval_modification,,,,
pair_002122,positive,ornamentation,,,,
pair_002123,positive,partial_rhythm_modification,,,,
pair_002124,positive,reharmonization,,,,
pair_002125,positive,simplification,,,,
pair_002126,positive,simplification,,,,
pair_002127,positive,tempo_change,,,,
pair_002128,positive,transpose,,,,
pair_002129,positive,,,,,
pair_002130,positive,,,,,
pair_002131,positive,,,,,
pair_002132,positive,,,,,
pair_002133,positive,chord_substitution,,,,
pair_002134,positive,duration_scaling,,,,
pair_002135,positive,interval_modification,,,,
pair_002136,positive,ornamentation,,,,
pair_002137,positive,partial_rhythm_modification,,,,
pair_002138,positive,reharmonization,,,,
pair_002139,positive,simplification,,,,
pair_002140,positive,simplification,,,,
pair_002141,positive,tempo_change,,,,
pair_002142,positive,transpose,,,,
pair_002143,positive,,,,,
pair_002144,positive,,,,,
pair_002145,positive,,,,,
pair_002146,positive,,,,,
pair_002147,positive,chord_substitution,,,,
pair_002148,positive,duration_scaling,,,,
pair_002149,positive,interval_modification,,,,
pair_002150,positive,ornamentation,,,,
pair_002151,positive,partial_rhythm_modification,,,,
pair_002152,positive,reharmonization,,,,
pair_002153,positive,simplification,,,,
pair_002154,positive,simplification,,,,
pair_002155,positive,tempo_change,,,,
pair_002156,positive,transpose,,,,
pair_002157,positive,,,,,
pair_002158,positive,,,,,
pair_002159,positive,,,,,
pair_002160,positive,,,,,
pair_002161,positive,chord_substitution,,,,
pair_002162,positive,duration_scaling,,,,
pair_002163,positive,interval_modification,,,,
pair_002164,positive,ornamentation,,,,
pair_002165,positive,partial_rhythm_modification,,,,
pair_002166,positive,reharmonization,,,,
pair_002167,positive,simplification,,,,
pair_002168,positive,simplification,,,,
pair_002169,positive,tempo_change,,,,
pair_002170,positive,transpose,,,,
pair_002171,positive,,,,,
pair_002172,positive,,,,,
pair_002173,positive,,,,,
pair_002174,positive,,,,,
pair_002175,positive,chord_substitution,,,,
pair_002176,positive,duration_scaling,,,,
pair_002177,positive,interval_modification,,,,
pair_002178,positive,ornamentation,,,,
pair_002179,positive,partial_rhythm_modification,,,,
pair_002180,positive,reharmonization,,,,
pair_002181,positive,simplification,,,,
pair_002182,positive,simplification,,,,
pair_002183,positive,tempo_change,,,,
pair_002184,positive,transpose,,,,
pair_002185,positive,,,,,
pair_002186,positive,,,,,
pair_002187,positive,,,,,
pair_002188,positive,,,,,
pair_002189,positive,chord_substitution,,,,
pair_002190,positive,duration_scaling,,,,
pair_002191,positive,interval_modification,,,,
pair_002192,positive,ornamentation,,,,
pair_002193,positive,partial_rhythm_modification,,,,
pair_002194,positive,reharmonization,,,,
pair_002195,positive,simplification,,,,
pair_002196,positive,simplification,,,,
pair_002197,positive,tempo_change,,,,
pair_002198,positive,transpose,,,,
pair_002199,positive,,,,,
pair_002200,positive,,,,,
pair_002201,positive,,,,,
pair_002202,positive,,,,,
pair_002203,positive,chord_substitution,,,,
pair_002204,positive,duration_scaling,,,,
pair_002205,positive,interval_modification,,,,
pair_002206,positive,ornamentation,,,,
pair_002207,positive,partial_rhythm_modification,,,,
pair_002208,positive,reharmonization,,,,
pair_002209,positive,simplification,,,,
pair_002210,positive,simplification,,,,
pair_002211,positive,tempo_change,,,,
pair_002212,positive,transpose,,,,
pair_002213,positive,,,,,
pair_002214,positive,,,,,
pair_002215,positive,,,,,
pair_002216,positive,,,,,
pair_002217,positive,chord_substitution,,,,
pair_002218,positive,duration_scaling,,,,
pair_002219,positive,interval_modification,,,,
pair_002220,positive,ornamentation,,,,
pair_002221,positive,partial_rhythm_modification,,,,
pair_002222,positive,reharmonization,,,,
pair_002223,positive,simplification,,,,
pair_002224,positive,simplification,,,,
pair_002225,positive,tempo_change,,,,
pair_002226,positive,transpose,,,,
pair_002227,positive,,,,,
pair_002228,positive,,,,,
pair_002229,positive,,,,,
pair_002230,positive,,,,,
pair_002231,positive,chord_substitution,,,,
pair_002232,positive,duration_scaling,,,,
pair_002233,positive,interval_modification,,,,
pair_002234,positive,ornamentation,,,,
pair_002235,positive,partial_rhythm_modification,,,,
pair_002236,positive,reharmonization,,,,
pair_002237,positive,simplification,,,,
pair_002238,positive,simplification,,,,
pair_002239,positive,tempo_change,,,,
pair_002240,positive,transpose,,,,
pair_002241,positive,,,,,
pair_002242,positive,,,,,
pair_002243,positive,,,,,
pair_002244,positive,,,,,
pair_002245,positive,chord_substitution,,,,
pair_002246,positive,duration_scaling,,,,
pair_002247,positive,interval_modification,,,,
pair_002248,positive,ornamentation,,,,
pair_002249,positive,partial_rhythm_modification,,,,
pair_002250,positive,reharmonization,,,,
pair_002251,positive,simplification,,,,
pair_002252,positive,simplification,,,,
pair_002253,positive,tempo_change,,,,
pair_002254,positive,transpose,,,,
pair_002255,positive,,,,,
pair_002256,positive,,,,,
pair_002257,positive,,,,,
pair_002258,positive,,,,,
pair_002259,positive,chord_substitution,,,,
pair_002260,positive,duration_scaling,,,,
pair_002261,positive,interval_modification,,,,
pair_002262,positive,ornamentation,,,,
pair_002263,positive,partial_rhythm_modification,,,,
pair_002264,positive,reharmonization,,,,
pair_002265,positive,simplification,,,,
pair_002266,positive,simplification,,,,
pair_002267,positive,tempo_change,,,,
pair_002268,positive,transpose,,,,
pair_002269,positive,,,,,
pair_002270,positive,,,,,
pair_002271,positive,,,,,
pair_002272,positive,,,,,
pair_002273,positive,chord_substitution,,,,
pair_002274,positive,duration_scaling,,,,
pair_002275,positive,interval_modification,,,,
pair_002276,positive,ornamentation,,,,
pair_002277,positive,partial_rhythm_modification,,,,
pair_002278,positive,reharmonization,,,,
pair_002279,positive,simplification,,,,
pair_002280,positive,simplification,,,,
pair_002281,positive,tempo_change,,,,
pair_002282,positive,transpose,,,,
pair_002283,positive,,,,,
pair_002284,positive,,,,,
pair_002285,positive,,,,,
pair_002286,positive,,,,,
pair_002287,positive,chord_substitution,,,,
pair_002288,positive,duration_scaling,,,,
pair_002289,positive,interval_modification,,,,
pair_002290,positive,ornamentation,,,,
pair_002291,positive,partial_rhythm_modification,,,,
pair_002292,positive,reharmonization,,,,
pair_002293,positive,simplification,,,,
pair_002294,positive,simplification,,,,
pair_002295,positive,tempo_change,,,,
pair_002296,positive,transpose,,,,
pair_002297,positive,,,,,
pair_002298,positive,,,,,
pair_002299,positive,,,,,
pair_002300,positive,,,,,
pair_002301,positive,chord_substitution,,,,
pair_002302,positive,duration_scaling,,,,
pair_002303,positive,interval_modification,,,,
pair_002304,positive,ornamentation,,,,
pair_002305,positive,partial_rhythm_modification,,,,
pair_002306,positive,reharmonization,,,,
pair_002307,positive,simplification,,,,
pair_002308,positive,simplification,,,,
pair_002309,positive,tempo_change,,,,
pair_002310,positive,transpose,,,,
pair_002311,positive,,,,,
pair_002312,positive,,,,,
pair_002313,positive,,,,,
pair_002314,positive,,,,,
pair_002315,positive,chord_substitution,,,,
pair_002316,positive,duration_scaling,,,,
pair_002317,positive,interval_modification,,,,
pair_002318,positive,ornamentation,,,,
pair_002319,positive,partial_rhythm_modification,,,,
pair_002320,positive,reharmonization,,,,
pair_002321,positive,simplification,,,,
pair_002322,positive,simplification,,,,
pair_002323,positive,tempo_change,,,,
pair_002324,positive,transpose,,,,
pair_002325,positive,,,,,
pair_002326,positive,,,,,
pair_002327,positive,,,,,
pair_002328,positive,,,,,
pair_002329,positive,chord_substitution,,,,
pair_002330,positive,duration_scaling,,,,
pair_002331,positive,interval_modification,,,,
pair_002332,positive,ornamentation,,,,
pair_002333,positive,partial_rhythm_modification,,,,
pair_002334,positive,reharmonization,,,,
pair_002335,positive,simplification,,,,
pair_002336,positive,simplification,,,,
pair_002337,positive,tempo_change,,,,
pair_002338,positive,transpose,,,,
pair_002339,positive,,,,,
pair_002340,positive,,,,,
pair_002341,positive,,,,,
pair_002342,positive,,,,,
pair_002343,positive,chord_substitution,,,,
pair_002344,positive,duration_scaling,,,,
pair_002345,positive,interval_modification,,,,
pair_002346,positive,ornamentation,,,,
pair_002347,positive,partial_rhythm_modification,,,,
pair_002348,positive,reharmonization,,,,
pair_002349,positive,simplification,,,,
pair_002350,positive,simplification,,,,
pair_002351,positive,tempo_change,,,,
pair_002352,positive,transpose,,,,
pair_002353,positive,,,,,
pair_002354,positive,,,,,
pair_002355,positive,,,,,
pair_002356,positive,,,,,
pair_002357,positive,chord_substitution,,,,
pair_002358,positive,duration_scaling,,,,
pair_002359,positive,interval_modification,,,,
pair_002360,positive,ornamentation,,,,
pair_002361,positive,partial_rhythm_modification,,,,
pair_002362,positive,reharmonization,,,,
pair_002363,positive,simplification,,,,
pair_002364,positive,simplification,,,,
pair_002365,positive,tempo_change,,,,
pair_002366,positive,transpose,,,,
pair_002367,positive,,,,,
pair_002368,positive,,,,,
pair_002369,positive,,,,,
pair_002370,positive,,,,,
pair_002371,positive,chord_substitution,,,,
pair_002372,positive,duration_scaling,,,,
pair_002373,positive,interval_modification,,,,
pair_002374,positive,ornamentation,,,,
pair_002375,positive,partial_rhythm_modification,,,,
pair_002376,positive,reharmonization,,,,
pair_002377,positive,simplification,,,,
pair_002378,positive,simplification,,,,
pair_002379,positive,tempo_change,,,,
pair_002380,positive,transpose,,,,
pair_002381,positive,,,,,
pair_002382,positive,,,,,
pair_002383,positive,,,,,
pair_002384,positive,,,,,
pair_002385,positive,chord_substitution,,,,
pair_002386,positive,duration_scaling,,,,
pair_002387,positive,interval_modification,,,,
pair_002388,positive,ornamentation,,,,
pair_002389,positive,partial_rhythm_modification,,,,
pair_002390,positive,reharmonization,,,,
pair_002391,positive,simplification,,,,
pair_002392,positive,simplification,,,,
pair_002393,positive,tempo_change,,,,
pair_002394,positive,transpose,,,,
pair_002395,positive,,,,,
pair_002396,positive,,,,,
pair_002397,positive,,,,,
pair_002398,positive,,,,,
pair_002399,positive,chord_substitution,,,,
pair_002400,positive,duration_scaling,,,,
pair_002401,positive,interval_modification,,,,
pair_002402,positive,ornamentation,,,,
pair_002403,positive,partial_rhythm_modification,,,,
pair_002404,positive,reharmonization,,,,
pair_002405,positive,simplification,,,,
pair_002406,positive,simplification,,,,
pair_002407,positive,tempo_change,,,,
pair_002408,positive,transpose,,,,
pair_002409,positive,,,,,
pair_002410,positive,,,,,
pair_002411,positive,,,,,
pair_002412,positive,,,,,
pair_002413,positive,chord_substitution,,,,
pair_002414,positive,duration_scaling,,,,
pair_002415,positive,interval_modification,,,,
pair_002416,positive,ornamentation,,,,
pair_002417,positive,partial_rhythm_modification,,,,
pair_002418,positive,reharmonization,,,,
pair_002419,positive,simplification,,,,
pair_002420,positive,simplification,,,,
pair_002421,positive,tempo_change,,,,
pair_002422,positive,transpose,,,,
pair_002423,positive,,,,,
pair_002424,positive,,,,,
pair_002425,positive,,,,,
pair_002426,positive,,,,,
pair_002427,positive,chord_substitution,,,,
pair_002428,positive,duration_scaling,,,,
pair_002429,positive,interval_modification,,,,
pair_002430,positive,ornamentation,,,,
pair_002431,positive,partial_rhythm_modification,,,,
pair_002432,positive,reharmonization,,,,
pair_002433,positive,simplification,,,,
pair_002434,positive,simplification,,,,
pair_002435,positive,tempo_change,,,,
pair_002436,positive,transpose,,,,
pair_002437,positive,,,,,
pair_002438,positive,,,,,
pair_002439,positive,,,,,
pair_002440,positive,,,,,
pair_002441,positive,chord_substitution,,,,
pair_002442,positive,duration_scaling,,,,
pair_002443,positive,interval_modification,,,,
pair_002444,positive,ornamentation,,,,
pair_002445,positive,partial_rhythm_modification,,,,
pair_002446,positive,reharmonization,,,,
pair_002447,positive,simplification,,,,
pair_002448,positive,simplification,,,,
pair_002449,positive,tempo_change,,,,
pair_002450,positive,transpose,,,,
pair_002451,positive,,,,,
pair_002452,positive,,,,,
pair_002453,positive,,,,,
pair_002454,positive,,,,,
pair_002455,positive,chord_substitution,,,,
pair_002456,positive,duration_scaling,,,,
pair_002457,positive,interval_modification,,,,
pair_002458,positive,ornamentation,,,,
pair_002459,positive,partial_rhythm_modification,,,,
pair_002460,positive,reharmonization,,,,
pair_002461,positive,simplification,,,,
pair_002462,positive,simplification,,,,
pair_002463,positive,tempo_change,,,,
pair_002464,positive,transpose,,,,
pair_002465,positive,,,,,
pair_002466,positive,,,,,
pair_002467,positive,,,,,
pair_002468,positive,,,,,
pair_002469,positive,chord_substitution,,,,
pair_002470,positive,duration_scaling,,,,
pair_002471,positive,interval_modification,,,,
pair_002472,positive,ornamentation,,,,
pair_002473,positive,partial_rhythm_modification,,,,
pair_002474,positive,reharmonization,,,,
pair_002475,positive,simplification,,,,
pair_002476,positive,simplification,,,,
pair_002477,positive,tempo_change,,,,
pair_002478,positive,transpose,,,,
pair_002479,positive,,,,,
pair_002480,positive,,,,,
pair_002481,positive,,,,,
pair_002482,positive,,,,,
pair_002483,positive,chord_substitution,,,,
pair_002484,positive,duration_scaling,,,,
pair_002485,positive,interval_modification,,,,
pair_002486,positive,ornamentation,,,,
pair_002487,positive,partial_rhythm_modification,,,,
pair_002488,positive,reharmonization,,,,
pair_002489,positive,simplification,,,,
pair_002490,positive,simplification,,,,
pair_002491,positive,tempo_change,,,,
pair_002492,positive,transpose,,,,
pair_002493,positive,,,,,
pair_002494,positive,,,,,
pair_002495,positive,,,,,
pair_002496,positive,,,,,
pair_002497,positive,chord_substitution,,,,
pair_002498,positive,duration_scaling,,,,
pair_002499,positive,interval_modification,,,,
pair_002500,positive,ornamentation,,,,
pair_002501,positive,partial_rhythm_modification,,,,
pair_002502,positive,reharmonization,,,,
pair_002503,positive,simplification,,,,
pair_002504,positive,simplification,,,,
pair_002505,positive,tempo_change,,,,
pair_002506,positive,transpose,,,,
pair_002507,positive,,,,,
pair_002508,positive,,,,,
pair_002509,positive,,,,,
pair_002510,positive,,,,,
pair_002511,positive,chord_substitution,,,,
pair_002512,positive,duration_scaling,,,,
pair_002513,positive,interval_modification,,,,
pair_002514,positive,ornamentation,,,,
pair_002515,positive,partial_rhythm_modification,,,,
pair_002516,positive,reharmonization,,,,
pair_002517,positive,simplification,,,,
pair_002518,positive,simplification,,,,
pair_002519,positive,tempo_change,,,,
pair_002520,positive,transpose,,,,
pair_002521,positive,,,,,
pair_002522,positive,,,,,
pair_002523,positive,,,,,
pair_002524,positive,,,,,
pair_002525,positive,chord_substitution,,,,
pair_002526,positive,duration_scaling,,,,
pair_002527,positive,interval_modification,,,,
pair_002528,positive,ornamentation,,,,
pair_002529,positive,partial_rhythm_modification,,,,
pair_002530,positive,reharmonization,,,,
pair_002531,positive,simplification,,,,
pair_002532,positive,simplification,,,,
pair_002533,positive,tempo_change,,,,
pair_002534,positive,transpose,,,,
pair_002535,positive,,,,,
pair_002536,positive,,,,,
pair_002537,positive,,,,,
pair_002538,positive,,,,,
pair_002539,positive,chord_substitution,,,,
pair_002540,positive,duration_scaling,,,,
pair_002541,positive,interval_modification,,,,
pair_002542,positive,ornamentation,,,,
pair_002543,positive,partial_rhythm_modification,,,,
pair_002544,positive,reharmonization,,,,
pair_002545,positive,simplification,,,,
pair_002546,positive,simplification,,,,
pair_002547,positive,tempo_change,,,,
pair_002548,positive,transpose,,,,
pair_002549,positive,,,,,
pair_002550,positive,,,,,
pair_002551,positive,,,,,
pair_002552,positive,,,,,
pair_002553,positive,chord_substitution,,,,
pair_002554,positive,duration_scaling,,,,
pair_002555,positive,interval_modification,,,,
pair_002556,positive,ornamentation,,,,
pair_002557,positive,partial_rhythm_modification,,,,
pair_002558,positive,reharmonization,,,,
pair_002559,positive,simplification,,,,
pair_002560,positive,simplification,,,,
pair_002561,positive,tempo_change,,,,
pair_002562,positive,transpose,,,,
pair_002563,positive,,,,,
pair_002564,positive,,,,,
pair_002565,positive,,,,,
pair_002566,positive,,,,,
pair_002567,positive,chord_substitution,,,,
pair_002568,positive,duration_scaling,,,,
pair_002569,positive,interval_modification,,,,
pair_002570,positive,ornamentation,,,,
pair_002571,positive,partial_rhythm_modification,,,,
pair_002572,positive,reharmonization,,,,
pair_002573,positive,simplification,,,,
pair_002574,positive,simplification,,,,
pair_002575,positive,tempo_change,,,,
pair_002576,positive,transpose,,,,
pair_002577,positive,,,,,
pair_002578,positive,,,,,
pair_002579,positive,,,,,
pair_002580,positive,,,,,
pair_002581,positive,chord_substitution,,,,
pair_002582,positive,duration_scaling,,,,
pair_002583,positive,interval_modification,,,,
pair_002584,positive,ornamentation,,,,
pair_002585,positive,partial_rhythm_modification,,,,
pair_002586,positive,reharmonization,,,,
pair_002587,positive,simplification,,,,
pair_002588,positive,simplification,,,,
pair_002589,positive,tempo_change,,,,
pair_002590,positive,transpose,,,,
pair_002591,positive,,,,,
pair_002592,positive,,,,,
pair_002593,positive,,,,,
pair_002594,positive,,,,,
pair_002595,positive,chord_substitution,,,,
pair_002596,positive,duration_scaling,,,,
pair_002597,positive,interval_modification,,,,
pair_002598,positive,ornamentation,,,,
pair_002599,positive,partial_rhythm_modification,,,,
pair_002600,positive,reharmonization,,,,
pair_002601,positive,simplification,,,,
pair_002602,positive,simplification,,,,
pair_002603,positive,tempo_change,,,,
pair_002604,positive,transpose,,,,
pair_002605,positive,,,,,
pair_002606,positive,,,,,
pair_002607,positive,,,,,
pair_002608,positive,,,,,
pair_002609,positive,chord_substitution,,,,
pair_002610,positive,duration_scaling,,,,
pair_002611,positive,interval_modification,,,,
pair_002612,positive,ornamentation,,,,
pair_002613,positive,partial_rhythm_modification,,,,
pair_002614,positive,reharmonization,,,,
pair_002615,positive,simplification,,,,
pair_002616,positive,simplification,,,,
pair_002617,positive,tempo_change,,,,
pair_002618,positive,transpose,,,,
pair_002619,positive,,,,,
pair_002620,positive,,,,,
pair_002621,positive,,,,,
pair_002622,positive,,,,,
pair_002623,positive,chord_substitution,,,,
pair_002624,positive,duration_scaling,,,,
pair_002625,positive,interval_modification,,,,
pair_002626,positive,ornamentation,,,,
pair_002627,positive,partial_rhythm_modification,,,,
pair_002628,positive,reharmonization,,,,
pair_002629,positive,simplification,,,,
pair_002630,positive,simplification,,,,
pair_002631,positive,tempo_change,,,,
pair_002632,positive,transpose,,,,
pair_002633,positive,,,,,
pair_002634,positive,,,,,
pair_002635,positive,,,,,
pair_002636,positive,,,,,
pair_002637,positive,chord_substitution,,,,
pair_002638,positive,duration_scaling,,,,
pair_002639,positive,interval_modification,,,,
pair_002640,positive,ornamentation,,,,
pair_002641,positive,partial_rhythm_modification,,,,
pair_002642,positive,reharmonization,,,,
pair_002643,positive,simplification,,,,
pair_002644,positive,simplification,,,,
pair_002645,positive,tempo_change,,,,
pair_002646,positive,transpose,,,,
pair_002647,positive,,,,,
pair_002648,positive,,,,,
pair_002649,positive,,,,,
pair_002650,positive,,,,,
pair_002651,positive,chord_substitution,,,,
pair_002652,positive,duration_scaling,,,,
pair_002653,positive,interval_modification,,,,
pair_002654,positive,ornamentation,,,,
pair_002655,positive,partial_rhythm_modification,,,,
pair_002656,positive,reharmonization,,,,
pair_002657,positive,simplification,,,,
pair_002658,positive,simplification,,,,
pair_002659,positive,tempo_change,,,,
pair_002660,positive,transpose,,,,
pair_002661,positive,,,,,
pair_002662,positive,,,,,
pair_002663,positive,,,,,
pair_002664,positive,,,,,
pair_002665,positive,chord_substitution,,,,
pair_002666,positive,duration_scaling,,,,
pair_002667,positive,interval_modification,,,,
pair_002668,positive,ornamentation,,,,
pair_002669,positive,partial_rhythm_modification,,,,
pair_002670,positive,reharmonization,,,,
pair_002671,positive,simplification,,,,
pair_002672,positive,simplification,,,,
pair_002673,positive,tempo_change,,,,
pair_002674,positive,transpose,,,,
pair_002675,positive,,,,,
pair_002676,positive,,,,,
pair_002677,positive,,,,,
pair_002678,positive,,,,,
pair_002679,positive,chord_substitution,,,,
pair_002680,positive,duration_scaling,,,,
pair_002681,positive,interval_modification,,,,
pair_002682,positive,ornamentation,,,,
pair_002683,positive,partial_rhythm_modification,,,,
pair_002684,positive,reharmonization,,,,
pair_002685,positive,simplification,,,,
pair_002686,positive,simplification,,,,
pair_002687,positive,tempo_change,,,,
pair_002688,positive,transpose,,,,
pair_002689,positive,,,,,
pair_002690,positive,,,,,
pair_002691,positive,,,,,
pair_002692,positive,,,,,
pair_002693,positive,chord_substitution,,,,
pair_002694,positive,duration_scaling,,,,
pair_002695,positive,interval_modification,,,,
pair_002696,positive,ornamentation,,,,
pair_002697,positive,partial_rhythm_modification,,,,
pair_002698,positive,reharmonization,,,,
pair_002699,positive,simplification,,,,
pair_002700,positive,simplification,,,,
pair_002701,positive,tempo_change,,,,
pair_002702,positive,transpose,,,,
pair_002703,positive,,,,,
pair_002704,positive,,,,,
pair_002705,positive,,,,,
pair_002706,positive,,,,,
pair_002707,positive,chord_substitution,,,,
pair_002708,positive,duration_scaling,,,,
pair_002709,positive,interval_modification,,,,
pair_002710,positive,ornamentation,,,,
pair_002711,positive,partial_rhythm_modification,,,,
pair_002712,positive,reharmonization,,,,
pair_002713,positive,simplification,,,,
pair_002714,positive,simplification,,,,
pair_002715,positive,tempo_change,,,,
pair_002716,positive,transpose,,,,
pair_002717,positive,,,,,
pair_002718,positive,,,,,
pair_002719,positive,,,,,
pair_002720,positive,,,,,
pair_002721,positive,chord_substitution,,,,
pair_002722,positive,duration_scaling,,,,
pair_002723,positive,interval_modification,,,,
pair_002724,positive,ornamentation,,,,
pair_002725,positive,partial_rhythm_modification,,,,
pair_002726,positive,reharmonization,,,,
pair_002727,positive,simplification,,,,
pair_002728,positive,simplification,,,,
pair_002729,positive,tempo_change,,,,
pair_002730,positive,transpose,,,,
pair_002731,positive,,,,,
pair_002732,positive,,,,,
pair_002733,positive,,,,,
pair_002734,positive,,,,,
pair_002735,positive,chord_substitution,,,,
pair_002736,positive,duration_scaling,,,,
pair_002737,positive,interval_modification,,,,
pair_002738,positive,ornamentation,,,,
pair_002739,positive,partial_rhythm_modification,,,,
pair_002740,positive,reharmonization,,,,
pair_002741,positive,simplification,,,,
pair_002742,positive,simplification,,,,
pair_002743,positive,tempo_change,,,,
pair_002744,positive,transpose,,,,
pair_002745,positive,,,,,
pair_002746,positive,,,,,
pair_002747,positive,,,,,
pair_002748,positive,,,,,
pair_002749,positive,chord_substitution,,,,
pair_002750,positive,duration_scaling,,,,
pair_002751,positive,interval_modification,,,,
pair_002752,positive,ornamentation,,,,
pair_002753,positive,partial_rhythm_modification,,,,
pair_002754,positive,reharmonization,,,,
pair_002755,positive,simplification,,,,
pair_002756,positive,simplification,,,,
pair_002757,positive,tempo_change,,,,
pair_002758,positive,transpose,,,,
pair_002759,positive,,,,,
pair_002760,positive,,,,,
pair_002761,positive,,,,,
pair_002762,positive,,,,,
pair_002763,positive,chord_substitution,,,,
pair_002764,positive,duration_scaling,,,,
pair_002765,positive,interval_modification,,,,
pair_002766,positive,ornamentation,,,,
pair_002767,positive,partial_rhythm_modification,,,,
pair_002768,positive,reharmonization,,,,
pair_002769,positive,simplification,,,,
pair_002770,positive,simplification,,,,
pair_002771,positive,tempo_change,,,,
pair_002772,positive,transpose,,,,
pair_002773,positive,,,,,
pair_002774,positive,,,,,
pair_002775,positive,,,,,
pair_002776,positive,,,,,
pair_002777,positive,chord_substitution,,,,
pair_002778,positive,duration_scaling,,,,
pair_002779,positive,interval_modification,,,,
pair_002780,positive,ornamentation,,,,
pair_002781,positive,partial_rhythm_modification,,,,
pair_002782,positive,reharmonization,,,,
pair_002783,positive,simplification,,,,
pair_002784,positive,simplification,,,,
pair_002785,positive,tempo_change,,,,
pair_002786,positive,transpose,,,,
pair_002787,positive,,,,,
pair_002788,positive,,,,,
pair_002789,positive,,,,,
pair_002790,positive,,,,,
pair_002791,positive,chord_substitution,,,,
pair_002792,positive,duration_scaling,,,,
pair_002793,positive,interval_modification,,,,
pair_002794,positive,ornamentation,,,,
pair_002795,positive,partial_rhythm_modification,,,,
pair_002796,positive,reharmonization,,,,
pair_002797,positive,simplification,,,,
pair_002798,positive,simplification,,,,
pair_002799,positive,tempo_change,,,,
pair_002800,positive,transpose,,,,
pair_002801,negative,None,,,,
pair_002802,negative,None,,,,
pair_002803,negative,None,,,,
pair_002804,negative,None,,,,
pair_002805,negative,None,,,,
pair_002806,negative,None,,,,
pair_002807,negative,None,,,,
pair_002808,negative,None,,,,
pair_002809,negative,None,,,,
pair_002810,negative,None,,,,
pair_002811,negative,None,,,,
pair_002812,negative,None,,,,
pair_002813,negative,None,,,,
pair_002814,negative,None,,,,
pair_002815,negative,None,,,,
pair_002816,negative,None,,,,
pair_002817,negative,None,,,,
pair_002818,negative,None,,,,
pair_002819,negative,None,,,,
pair_002820,negative,None,,,,
pair_002821,negative,None,,,,
pair_002822,negative,None,,,,
pair_002823,negative,None,,,,
pair_002824,negative,None,,,,
pair_002825,negative,None,,,,
pair_002826,negative,None,,,,
pair_002827,negative,None,,,,
pair_002828,negative,None,,,,
pair_002829,negative,None,,,,
pair_002830,negative,None,,,,
pair_002831,negative,None,,,,
pair_002832,negative,None,,,,
pair_002833,negative,None,,,,
pair_002834,negative,None,,,,
pair_002835,negative,None,,,,
pair_002836,negative,None,,,,
pair_002837,negative,None,,,,
pair_002838,negative,None,,,,
pair_002839,negative,None,,,,
pair_002840,negative,None,,,,
pair_002841,negative,None,,,,
pair_002842,negative,None,,,,
pair_002843,negative,None,,,,
pair_002844,negative,None,,,,
pair_002845,negative,None,,,,
pair_002846,negative,None,,,,
pair_002847,negative,None,,,,
pair_002848,negative,None,,,,
pair_002849,negative,None,,,,
pair_002850,negative,None,,,,
pair_002851,negative,None,,,,
pair_002852,negative,None,,,,
pair_002853,negative,None,,,,
pair_002854,negative,None,,,,
pair_002855,negative,None,,,,
pair_002856,negative,None,,,,
pair_002857,negative,None,,,,
pair_002858,negative,None,,,,
pair_002859,negative,None,,,,
pair_002860,negative,None,,,,
pair_002861,negative,None,,,,
pair_002862,negative,None,,,,
pair_002863,negative,None,,,,
pair_002864,negative,None,,,,
pair_002865,negative,None,,,,
pair_002866,negative,None,,,,
pair_002867,negative,None,,,,
pair_002868,negative,None,,,,
pair_002869,negative,None,,,,
pair_002870,negative,None,,,,
pair_002871,negative,None,,,,
pair_002872,negative,None,,,,
pair_002873,negative,None,,,,
pair_002874,negative,None,,,,
pair_002875,negative,None,,,,
pair_002876,negative,None,,,,
pair_002877,negative,None,,,,
pair_002878,negative,None,,,,
pair_002879,negative,None,,,,
pair_002880,negative,None,,,,
pair_002881,negative,None,,,,
pair_002882,negative,None,,,,
pair_002883,negative,None,,,,
pair_002884,negative,None,,,,
pair_002885,negative,None,,,,
pair_002886,negative,None,,,,
pair_002887,negative,None,,,,
pair_002888,negative,None,,,,
pair_002889,negative,None,,,,
pair_002890,negative,None,,,,
pair_002891,negative,None,,,,
pair_002892,negative,None,,,,
pair_002893,negative,None,,,,
pair_002894,negative,None,,,,
pair_002895,negative,None,,,,
pair_002896,negative,None,,,,
pair_002897,negative,None,,,,
pair_002898,negative,None,,,,
pair_002899,negative,None,,,,
pair_002900,negative,None,,,,
pair_002901,negative,None,,,,
pair_002902,negative,None,,,,
pair_002903,negative,None,,,,
pair_002904,negative,None,,,,
pair_002905,negative,None,,,,
pair_002906,negative,None,,,,
pair_002907,negative,None,,,,
pair_002908,negative,None,,,,
pair_002909,negative,None,,,,
pair_002910,negative,None,,,,
pair_002911,negative,None,,,,
pair_002912,negative,None,,,,
pair_002913,negative,None,,,,
pair_002914,negative,None,,,,
pair_002915,negative,None,,,,
pair_002916,negative,None,,,,
pair_002917,negative,None,,,,
pair_002918,negative,None,,,,
pair_002919,negative,None,,,,
pair_002920,negative,None,,,,
pair_002921,negative,None,,,,
pair_002922,negative,None,,,,
pair_002923,negative,None,,,,
pair_002924,negative,None,,,,
pair_002925,negative,None,,,,
pair_002926,negative,None,,,,
pair_002927,negative,None,,,,
pair_002928,negative,None,,,,
pair_002929,negative,None,,,,
pair_002930,negative,None,,,,
pair_002931,negative,None,,,,
pair_002932,negative,None,,,,
pair_002933,negative,None,,,,
pair_002934,negative,None,,,,
pair_002935,negative,None,,,,
pair_002936,negative,None,,,,
pair_002937,negative,None,,,,
pair_002938,negative,None,,,,
pair_002939,negative,None,,,,
pair_002940,negative,None,,,,
pair_002941,negative,None,,,,
pair_002942,negative,None,,,,
pair_002943,negative,None,,,,
pair_002944,negative,None,,,,
pair_002945,negative,None,,,,
pair_002946,negative,None,,,,
pair_002947,negative,None,,,,
pair_002948,negative,None,,,,
pair_002949,negative,None,,,,
pair_002950,negative,None,,,,
pair_002951,negative,None,,,,
pair_002952,negative,None,,,,
pair_002953,negative,None,,,,
pair_002954,negative,None,,,,
pair_002955,negative,None,,,,
pair_002956,negative,None,,,,
pair_002957,negative,None,,,,
pair_002958,negative,None,,,,
pair_002959,negative,None,,,,
pair_002960,negative,None,,,,
pair_002961,negative,None,,,,
pair_002962,negative,None,,,,
pair_002963,negative,None,,,,
pair_002964,negative,None,,,,
pair_002965,negative,None,,,,
pair_002966,negative,None,,,,
pair_002967,negative,None,,,,
pair_002968,negative,None,,,,
pair_002969,negative,None,,,,
pair_002970,negative,None,,,,
pair_002971,negative,None,,,,
pair_002972,negative,None,,,,
pair_002973,negative,None,,,,
pair_002974,negative,None,,,,
pair_002975,negative,None,,,,
pair_002976,negative,None,,,,
pair_002977,negative,None,,,,
pair_002978,negative,None,,,,
pair_002979,negative,None,,,,
pair_002980,negative,None,,,,
pair_002981,negative,None,,,,
pair_002982,negative,None,,,,
pair_002983,negative,None,,,,
pair_002984,negative,None,,,,
pair_002985,negative,None,,,,
pair_002986,negative,None,,,,
pair_002987,negative,None,,,,
pair_002988,negative,None,,,,
pair_002989,negative,None,,,,
pair_002990,negative,None,,,,
pair_002991,negative,None,,,,
pair_002992,negative,None,,,,
pair_002993,negative,None,,,,
pair_002994,negative,None,,,,
pair_002995,negative,None,,,,
pair_002996,negative,None,,,,
pair_002997,negative,None,,,,
pair_002998,negative,None,,,,
pair_002999,negative,None,,,,
pair_003000,negative,None,,,,
pair_003001,negative,None,,,,
pair_003002,negative,None,,,,
pair_003003,negative,None,,,,
pair_003004,negative,None,,,,
pair_003005,negative,None,,,,
pair_003006,negative,None,,,,
pair_003007,negative,None,,,,
pair_003008,negative,None,,,,
pair_003009,negative,None,,,,
pair_003010,negative,None,,,,
pair_003011,negative,None,,,,
pair_003012,negative,None,,,,
pair_003013,negative,None,,,,
pair_003014,negative,None,,,,
pair_003015,negative,None,,,,
pair_003016,negative,None,,,,
pair_003017,negative,None,,,,
pair_003018,negative,None,,,,
pair_003019,negative,None,,,,
pair_003020,negative,None,,,,
pair_003021,negative,None,,,,
pair_003022,negative,None,,,,
pair_003023,negative,None,,,,
pair_003024,negative,None,,,,
pair_003025,negative,None,,,,
pair_003026,negative,None,,,,
pair_003027,negative,None,,,,
pair_003028,negative,None,,,,
pair_003029,negative,None,,,,
pair_003030,negative,None,,,,
pair_003031,negative,None,,,,
pair_003032,negative,None,,,,
pair_003033,negative,None,,,,
pair_003034,negative,None,,,,
pair_003035,negative,None,,,,
pair_003036,negative,None,,,,
pair_003037,negative,None,,,,
pair_003038,negative,None,,,,
pair_003039,negative,None,,,,
pair_003040,negative,None,,,,
pair_003041,negative,None,,,,
pair_003042,negative,None,,,,
pair_003043,negative,None,,,,
pair_003044,negative,None,,,,
pair_003045,negative,None,,,,
pair_003046,negative,None,,,,
pair_003047,negative,None,,,,
pair_003048,negative,None,,,,
pair_003049,negative,None,,,,
pair_003050,negative,None,,,,
pair_003051,negative,None,,,,
pair_003052,negative,None,,,,
pair_003053,negative,None,,,,
pair_003054,negative,None,,,,
pair_003055,negative,None,,,,
pair_003056,negative,None,,,,
pair_003057,negative,None,,,,
pair_003058,negative,None,,,,
pair_003059,negative,None,,,,
pair_003060,negative,None,,,,
pair_003061,negative,None,,,,
pair_003062,negative,None,,,,
pair_003063,negative,None,,,,
pair_003064,negative,None,,,,
pair_003065,negative,None,,,,
pair_003066,negative,None,,,,
pair_003067,negative,None,,,,
pair_003068,negative,None,,,,
pair_003069,negative,None,,,,
pair_003070,negative,None,,,,
pair_003071,negative,None,,,,
pair_003072,negative,None,,,,
pair_003073,negative,None,,,,
pair_003074,negative,None,,,,
pair_003075,negative,None,,,,
pair_003076,negative,None,,,,
pair_003077,negative,None,,,,
pair_003078,negative,None,,,,
pair_003079,negative,None,,,,
pair_003080,negative,None,,,,
pair_003081,negative,None,,,,
pair_003082,negative,None,,,,
pair_003083,negative,None,,,,
pair_003084,negative,None,,,,
pair_003085,negative,None,,,,
pair_003086,negative,None,,,,
pair_003087,negative,None,,,,
pair_003088,negative,None,,,,
pair_003089,negative,None,,,,
pair_003090,negative,None,,,,
pair_003091,negative,None,,,,
pair_003092,negative,None,,,,
pair_003093,negative,None,,,,
pair_003094,negative,None,,,,
pair_003095,negative,None,,,,
pair_003096,negative,None,,,,
pair_003097,negative,None,,,,
pair_003098,negative,None,,,,
pair_003099,negative,None,,,,
pair_003100,negative,None,,,,
pair_003101,negative,None,,,,
pair_003102,negative,None,,,,
pair_003103,negative,None,,,,
pair_003104,negative,None,,,,
pair_003105,negative,None,,,,
pair_003106,negative,None,,,,
pair_003107,negative,None,,,,
pair_003108,negative,None,,,,
pair_003109,negative,None,,,,
pair_003110,negative,None,,,,
pair_003111,negative,None,,,,
pair_003112,negative,None,,,,
pair_003113,negative,None,,,,
pair_003114,negative,None,,,,
pair_003115,negative,None,,,,
pair_003116,negative,None,,,,
pair_003117,negative,None,,,,
pair_003118,negative,None,,,,
pair_003119,negative,None,,,,
pair_003120,negative,None,,,,
pair_003121,negative,None,,,,
pair_003122,negative,None,,,,
pair_003123,negative,None,,,,
pair_003124,negative,None,,,,
pair_003125,negative,None,,,,
pair_003126,negative,None,,,,
pair_003127,negative,None,,,,
pair_003128,negative,None,,,,
pair_003129,negative,None,,,,
pair_003130,negative,None,,,,
pair_003131,negative,None,,,,
pair_003132,negative,None,,,,
pair_003133,negative,None,,,,
pair_003134,negative,None,,,,
pair_003135,negative,None,,,,
pair_003136,negative,None,,,,
pair_003137,negative,None,,,,
pair_003138,negative,None,,,,
pair_003139,negative,None,,,,
pair_003140,negative,None,,,,
pair_003141,negative,None,,,,
pair_003142,negative,None,,,,
pair_003143,negative,None,,,,
pair_003144,negative,None,,,,
pair_003145,negative,None,,,,
pair_003146,negative,None,,,,
pair_003147,negative,None,,,,
pair_003148,negative,None,,,,
pair_003149,negative,None,,,,
pair_003150,negative,None,,,,
pair_003151,negative,None,,,,
pair_003152,negative,None,,,,
pair_003153,negative,None,,,,
pair_003154,negative,None,,,,
pair_003155,negative,None,,,,
pair_003156,negative,None,,,,
pair_003157,negative,None,,,,
pair_003158,negative,None,,,,
pair_003159,negative,None,,,,
pair_003160,negative,None,,,,
pair_003161,negative,None,,,,
pair_003162,negative,None,,,,
pair_003163,negative,None,,,,
pair_003164,negative,None,,,,
pair_003165,negative,None,,,,
pair_003166,negative,None,,,,
pair_003167,negative,None,,,,
pair_003168,negative,None,,,,
pair_003169,negative,None,,,,
pair_003170,negative,None,,,,
pair_003171,negative,None,,,,
pair_003172,negative,None,,,,
pair_003173,negative,None,,,,
pair_003174,negative,None,,,,
pair_003175,negative,None,,,,
pair_003176,negative,None,,,,
pair_003177,negative,None,,,,
pair_003178,negative,None,,,,
pair_003179,negative,None,,,,
pair_003180,negative,None,,,,
pair_003181,negative,None,,,,
pair_003182,negative,None,,,,
pair_003183,negative,None,,,,
pair_003184,negative,None,,,,
pair_003185,negative,None,,,,
pair_003186,negative,None,,,,
pair_003187,negative,None,,,,
pair_003188,negative,None,,,,
pair_003189,negative,None,,,,
pair_003190,negative,None,,,,
pair_003191,negative,None,,,,
pair_003192,negative,None,,,,
pair_003193,negative,None,,,,
pair_003194,negative,None,,,,
pair_003195,negative,None,,,,
pair_003196,negative,None,,,,
pair_003197,negative,None,,,,
pair_003198,negative,None,,,,
pair_003199,negative,None,,,,
pair_003200,negative,None,,,,
pair_003201,negative,None,,,,
pair_003202,negative,None,,,,
pair_003203,negative,None,,,,
pair_003204,negative,None,,,,
pair_003205,negative,None,,,,
pair_003206,negative,None,,,,
pair_003207,negative,None,,,,
pair_003208,negative,None,,,,
pair_003209,negative,None,,,,
pair_003210,negative,None,,,,
pair_003211,negative,None,,,,
pair_003212,negative,None,,,,
pair_003213,negative,None,,,,
pair_003214,negative,None,,,,
pair_003215,negative,None,,,,
pair_003216,negative,None,,,,
pair_003217,negative,None,,,,
pair_003218,negative,None,,,,
pair_003219,negative,None,,,,
pair_003220,negative,None,,,,
pair_003221,negative,None,,,,
pair_003222,negative,None,,,,
pair_003223,negative,None,,,,
pair_003224,negative,None,,,,
pair_003225,negative,None,,,,
pair_003226,negative,None,,,,
pair_003227,negative,None,,,,
pair_003228,negative,None,,,,
pair_003229,negative,None,,,,
pair_003230,negative,None,,,,
pair_003231,negative,None,,,,
pair_003232,negative,None,,,,
pair_003233,negative,None,,,,
pair_003234,negative,None,,,,
pair_003235,negative,None,,,,
pair_003236,negative,None,,,,
pair_003237,negative,None,,,,
pair_003238,negative,None,,,,
pair_003239,negative,None,,,,
pair_003240,negative,None,,,,
pair_003241,negative,None,,,,
pair_003242,negative,None,,,,
pair_003243,negative,None,,,,
pair_003244,negative,None,,,,
pair_003245,negative,None,,,,
pair_003246,negative,None,,,,
pair_003247,negative,None,,,,
pair_003248,negative,None,,,,
pair_003249,negative,None,,,,
pair_003250,negative,None,,,,
pair_003251,negative,None,,,,
pair_003252,negative,None,,,,
pair_003253,negative,None,,,,
pair_003254,negative,None,,,,
pair_003255,negative,None,,,,
pair_003256,negative,None,,,,
pair_003257,negative,None,,,,
pair_003258,negative,None,,,,
pair_003259,negative,None,,,,
pair_003260,negative,None,,,,
pair_003261,negative,None,,,,
pair_003262,negative,None,,,,
pair_003263,negative,None,,,,
pair_003264,negative,None,,,,
pair_003265,negative,None,,,,
pair_003266,negative,None,,,,
pair_003267,negative,None,,,,
pair_003268,negative,None,,,,
pair_003269,negative,None,,,,
pair_003270,negative,None,,,,
pair_003271,negative,None,,,,
pair_003272,negative,None,,,,
pair_003273,negative,None,,,,
pair_003274,negative,None,,,,
pair_003275,negative,None,,,,
pair_003276,negative,None,,,,
pair_003277,negative,None,,,,
pair_003278,negative,None,,,,
pair_003279,negative,None,,,,
pair_003280,negative,None,,,,
pair_003281,negative,None,,,,
pair_003282,negative,None,,,,
pair_003283,negative,None,,,,
pair_003284,negative,None,,,,
pair_003285,negative,None,,,,
pair_003286,negative,None,,,,
pair_003287,negative,None,,,,
pair_003288,negative,None,,,,
pair_003289,negative,None,,,,
pair_003290,negative,None,,,,
pair_003291,negative,None,,,,
pair_003292,negative,None,,,,
pair_003293,negative,None,,,,
pair_003294,negative,None,,,,
pair_003295,negative,None,,,,
pair_003296,negative,None,,,,
pair_003297,negative,None,,,,
pair_003298,negative,None,,,,
pair_003299,negative,None,,,,
pair_003300,negative,None,,,,
pair_003301,negative,None,,,,
pair_003302,negative,None,,,,
pair_003303,negative,None,,,,
pair_003304,negative,None,,,,
pair_003305,negative,None,,,,
pair_003306,negative,None,,,,
pair_003307,negative,None,,,,
pair_003308,negative,None,,,,
pair_003309,negative,None,,,,
pair_003310,negative,None,,,,
pair_003311,negative,None,,,,
pair_003312,negative,None,,,,
pair_003313,negative,None,,,,
pair_003314,negative,None,,,,
pair_003315,negative,None,,,,
pair_003316,negative,None,,,,
pair_003317,negative,None,,,,
pair_003318,negative,None,,,,
pair_003319,negative,None,,,,
pair_003320,negative,None,,,,
pair_003321,negative,None,,,,
pair_003322,negative,None,,,,
pair_003323,negative,None,,,,
pair_003324,negative,None,,,,
pair_003325,negative,None,,,,
pair_003326,negative,None,,,,
pair_003327,negative,None,,,,
pair_003328,negative,None,,,,
pair_003329,negative,None,,,,
pair_003330,negative,None,,,,
pair_003331,negative,None,,,,
pair_003332,negative,None,,,,
pair_003333,negative,None,,,,
pair_003334,negative,None,,,,
pair_003335,negative,None,,,,
pair_003336,negative,None,,,,
pair_003337,negative,None,,,,
pair_003338,negative,None,,,,
pair_003339,negative,None,,,,
pair_003340,negative,None,,,,
pair_003341,negative,None,,,,
pair_003342,negative,None,,,,
pair_003343,negative,None,,,,
pair_003344,negative,None,,,,
pair_003345,negative,None,,,,
pair_003346,negative,None,,,,
pair_003347,negative,None,,,,
pair_003348,negative,None,,,,
pair_003349,negative,None,,,,
pair_003350,negative,None,,,,
pair_003351,negative,None,,,,
pair_003352,negative,None,,,,
pair_003353,negative,None,,,,
pair_003354,negative,None,,,,
pair_003355,negative,None,,,,
pair_003356,negative,None,,,,
pair_003357,negative,None,,,,
pair_003358,negative,None,,,,
pair_003359,negative,None,,,,
pair_003360,negative,None,,,,
pair_003361,negative,None,,,,
pair_003362,negative,None,,,,
pair_003363,negative,None,,,,
pair_003364,negative,None,,,,
pair_003365,negative,None,,,,
pair_003366,negative,None,,,,
pair_003367,negative,None,,,,
pair_003368,negative,None,,,,
pair_003369,negative,None,,,,
pair_003370,negative,None,,,,
pair_003371,negative,None,,,,
pair_003372,negative,None,,,,
pair_003373,negative,None,,,,
pair_003374,negative,None,,,,
pair_003375,negative,None,,,,
pair_003376,negative,None,,,,
pair_003377,negative,None,,,,
pair_003378,negative,None,,,,
pair_003379,negative,None,,,,
pair_003380,negative,None,,,,
pair_003381,negative,None,,,,
pair_003382,negative,None,,,,
pair_003383,negative,None,,,,
pair_003384,negative,None,,,,
pair_003385,negative,None,,,,
pair_003386,negative,None,,,,
pair_003387,negative,None,,,,
pair_003388,negative,None,,,,
pair_003389,negative,None,,,,
pair_003390,negative,None,,,,
pair_003391,negative,None,,,,
pair_003392,negative,None,,,,
pair_003393,negative,None,,,,
pair_003394,negative,None,,,,
pair_003395,negative,None,,,,
pair_003396,negative,None,,,,
pair_003397,negative,None,,,,
pair_003398,negative,None,,,,
pair_003399,negative,None,,,,
pair_003400,negative,None,,,,
pair_003401,negative,None,,,,
pair_003402,negative,None,,,,
pair_003403,negative,None,,,,
pair_003404,negative,None,,,,
pair_003405,negative,None,,,,
pair_003406,negative,None,,,,
pair_003407,negative,None,,,,
pair_003408,negative,None,,,,
pair_003409,negative,None,,,,
pair_003410,negative,None,,,,
pair_003411,negative,None,,,,
pair_003412,negative,None,,,,
pair_003413,negative,None,,,,
pair_003414,negative,None,,,,
pair_003415,negative,None,,,,
pair_003416,negative,None,,,,
pair_003417,negative,None,,,,
pair_003418,negative,None,,,,
pair_003419,negative,None,,,,
pair_003420,negative,None,,,,
pair_003421,negative,None,,,,
pair_003422,negative,None,,,,
pair_003423,negative,None,,,,
pair_003424,negative,None,,,,
pair_003425,negative,None,,,,
pair_003426,negative,None,,,,
pair_003427,negative,None,,,,
pair_003428,negative,None,,,,
pair_003429,negative,None,,,,
pair_003430,negative,None,,,,
pair_003431,negative,None,,,,
pair_003432,negative,None,,,,
pair_003433,negative,None,,,,
pair_003434,negative,None,,,,
pair_003435,negative,None,,,,
pair_003436,negative,None,,,,
pair_003437,negative,None,,,,
pair_003438,negative,None,,,,
pair_003439,negative,None,,,,
pair_003440,negative,None,,,,
pair_003441,negative,None,,,,
pair_003442,negative,None,,,,
pair_003443,negative,None,,,,
pair_003444,negative,None,,,,
pair_003445,negative,None,,,,
pair_003446,negative,None,,,,
pair_003447,negative,None,,,,
pair_003448,negative,None,,,,
pair_003449,negative,None,,,,
pair_003450,negative,None,,,,
pair_003451,negative,None,,,,
pair_003452,negative,None,,,,
pair_003453,negative,None,,,,
pair_003454,negative,None,,,,
pair_003455,negative,None,,,,
pair_003456,negative,None,,,,
pair_003457,negative,None,,,,
pair_003458,negative,None,,,,
pair_003459,negative,None,,,,
pair_003460,negative,None,,,,
pair_003461,negative,None,,,,
pair_003462,negative,None,,,,
pair_003463,negative,None,,,,
pair_003464,negative,None,,,,
pair_003465,negative,None,,,,
pair_003466,negative,None,,,,
pair_003467,negative,None,,,,
pair_003468,negative,None,,,,
pair_003469,negative,None,,,,
pair_003470,negative,None,,,,
pair_003471,negative,None,,,,
pair_003472,negative,None,,,,
pair_003473,negative,None,,,,
pair_003474,negative,None,,,,
pair_003475,negative,None,,,,
pair_003476,negative,None,,,,
pair_003477,negative,None,,,,
pair_003478,negative,None,,,,
pair_003479,negative,None,,,,
pair_003480,negative,None,,,,
pair_003481,negative,None,,,,
pair_003482,negative,None,,,,
pair_003483,negative,None,,,,
pair_003484,negative,None,,,,
pair_003485,negative,None,,,,
pair_003486,negative,None,,,,
pair_003487,negative,None,,,,
pair_003488,negative,None,,,,
pair_003489,negative,None,,,,
pair_003490,negative,None,,,,
pair_003491,negative,None,,,,
pair_003492,negative,None,,,,
pair_003493,negative,None,,,,
pair_003494,negative,None,,,,
pair_003495,negative,None,,,,
pair_003496,negative,None,,,,
pair_003497,negative,None,,,,
pair_003498,negative,None,,,,
pair_003499,negative,None,,,,
pair_003500,negative,None,,,,
pair_003501,negative,None,,,,
pair_003502,negative,None,,,,
pair_003503,negative,None,,,,
pair_003504,negative,None,,,,
pair_003505,negative,None,,,,
pair_003506,negative,None,,,,
pair_003507,negative,None,,,,
pair_003508,negative,None,,,,
pair_003509,negative,None,,,,
pair_003510,negative,None,,,,
pair_003511,negative,None,,,,
pair_003512,negative,None,,,,
pair_003513,negative,None,,,,
pair_003514,negative,None,,,,
pair_003515,negative,None,,,,
pair_003516,negative,None,,,,
pair_003517,negative,None,,,,
pair_003518,negative,None,,,,
pair_003519,negative,None,,,,
pair_003520,negative,None,,,,
pair_003521,negative,None,,,,
pair_003522,negative,None,,,,
pair_003523,negative,None,,,,
pair_003524,negative,None,,,,
pair_003525,negative,None,,,,
pair_003526,negative,None,,,,
pair_003527,negative,None,,,,
pair_003528,negative,None,,,,
pair_003529,negative,None,,,,
pair_003530,negative,None,,,,
pair_003531,negative,None,,,,
pair_003532,negative,None,,,,
pair_003533,negative,None,,,,
pair_003534,negative,None,,,,
pair_003535,negative,None,,,,
pair_003536,negative,None,,,,
pair_003537,negative,None,,,,
pair_003538,negative,None,,,,
pair_003539,negative,None,,,,
pair_003540,negative,None,,,,
pair_003541,negative,None,,,,
pair_003542,negative,None,,,,
pair_003543,negative,None,,,,
pair_003544,negative,None,,,,
pair_003545,negative,None,,,,
pair_003546,negative,None,,,,
pair_003547,negative,None,,,,
pair_003548,negative,None,,,,
pair_003549,negative,None,,,,
pair_003550,negative,None,,,,
pair_003551,negative,None,,,,
pair_003552,negative,None,,,,
pair_003553,negative,None,,,,
pair_003554,negative,None,,,,
pair_003555,negative,None,,,,
pair_003556,negative,None,,,,
pair_003557,negative,None,,,,
pair_003558,negative,None,,,,
pair_003559,negative,None,,,,
pair_003560,negative,None,,,,
pair_003561,negative,None,,,,
pair_003562,negative,None,,,,
pair_003563,negative,None,,,,
pair_003564,negative,None,,,,
pair_003565,negative,None,,,,
pair_003566,negative,None,,,,
pair_003567,negative,None,,,,
pair_003568,negative,None,,,,
pair_003569,negative,None,,,,
pair_003570,negative,None,,,,
pair_003571,negative,None,,,,
pair_003572,negative,None,,,,
pair_003573,negative,None,,,,
pair_003574,negative,None,,,,
pair_003575,negative,None,,,,
pair_003576,negative,None,,,,
pair_003577,negative,None,,,,
pair_003578,negative,None,,,,
pair_003579,negative,None,,,,
pair_003580,negative,None,,,,
pair_003581,negative,None,,,,
pair_003582,negative,None,,,,
pair_003583,negative,None,,,,
pair_003584,negative,None,,,,
pair_003585,negative,None,,,,
pair_003586,negative,None,,,,
pair_003587,negative,None,,,,
pair_003588,negative,None,,,,
pair_003589,negative,None,,,,
pair_003590,negative,None,,,,
pair_003591,negative,None,,,,
pair_003592,negative,None,,,,
pair_003593,negative,None,,,,
pair_003594,negative,None,,,,
pair_003595,negative,None,,,,
pair_003596,negative,None,,,,
pair_003597,negative,None,,,,
pair_003598,negative,None,,,,
pair_003599,negative,None,,,,
pair_003600,negative,None,,,,
pair_003601,negative,None,,,,
pair_003602,negative,None,,,,
pair_003603,negative,None,,,,
pair_003604,negative,None,,,,
pair_003605,negative,None,,,,
pair_003606,negative,None,,,,
pair_003607,negative,None,,,,
pair_003608,negative,None,,,,
pair_003609,negative,None,,,,
pair_003610,negative,None,,,,
pair_003611,negative,None,,,,
pair_003612,negative,None,,,,
pair_003613,negative,None,,,,
pair_003614,negative,None,,,,
pair_003615,negative,None,,,,
pair_003616,negative,None,,,,
pair_003617,negative,None,,,,
pair_003618,negative,None,,,,
pair_003619,negative,None,,,,
pair_003620,negative,None,,,,
pair_003621,negative,None,,,,
pair_003622,negative,None,,,,
pair_003623,negative,None,,,,
pair_003624,negative,None,,,,
pair_003625,negative,None,,,,
pair_003626,negative,None,,,,
pair_003627,negative,None,,,,
pair_003628,negative,None,,,,
pair_003629,negative,None,,,,
pair_003630,negative,None,,,,
pair_003631,negative,None,,,,
pair_003632,negative,None,,,,
pair_003633,negative,None,,,,
pair_003634,negative,None,,,,
pair_003635,negative,None,,,,
pair_003636,negative,None,,,,
pair_003637,negative,None,,,,
pair_003638,negative,None,,,,
pair_003639,negative,None,,,,
pair_003640,negative,None,,,,
pair_003641,negative,None,,,,
pair_003642,negative,None,,,,
pair_003643,negative,None,,,,
pair_003644,negative,None,,,,
pair_003645,negative,None,,,,
pair_003646,negative,None,,,,
pair_003647,negative,None,,,,
pair_003648,negative,None,,,,
pair_003649,negative,None,,,,
pair_003650,negative,None,,,,
pair_003651,negative,None,,,,
pair_003652,negative,None,,,,
pair_003653,negative,None,,,,
pair_003654,negative,None,,,,
pair_003655,negative,None,,,,
pair_003656,negative,None,,,,
pair_003657,negative,None,,,,
pair_003658,negative,None,,,,
pair_003659,negative,None,,,,
pair_003660,negative,None,,,,
pair_003661,negative,None,,,,
pair_003662,negative,None,,,,
pair_003663,negative,None,,,,
pair_003664,negative,None,,,,
pair_003665,negative,None,,,,
pair_003666,negative,None,,,,
pair_003667,negative,None,,,,
pair_003668,negative,None,,,,
pair_003669,negative,None,,,,
pair_003670,negative,None,,,,
pair_003671,negative,None,,,,
pair_003672,negative,None,,,,
pair_003673,negative,None,,,,
pair_003674,negative,None,,,,
pair_003675,negative,None,,,,
pair_003676,negative,None,,,,
pair_003677,negative,None,,,,
pair_003678,negative,None,,,,
pair_003679,negative,None,,,,
pair_003680,negative,None,,,,
pair_003681,negative,None,,,,
pair_003682,negative,None,,,,
pair_003683,negative,None,,,,
pair_003684,negative,None,,,,
pair_003685,negative,None,,,,
pair_003686,negative,None,,,,
pair_003687,negative,None,,,,
pair_003688,negative,None,,,,
pair_003689,negative,None,,,,
pair_003690,negative,None,,,,
pair_003691,negative,None,,,,
pair_003692,negative,None,,,,
pair_003693,negative,None,,,,
pair_003694,negative,None,,,,
pair_003695,negative,None,,,,
pair_003696,negative,None,,,,
pair_003697,negative,None,,,,
pair_003698,negative,None,,,,
pair_003699,negative,None,,,,
pair_003700,negative,None,,,,
pair_003701,negative,None,,,,
pair_003702,negative,None,,,,
pair_003703,negative,None,,,,
pair_003704,negative,None,,,,
pair_003705,negative,None,,,,
pair_003706,negative,None,,,,
pair_003707,negative,None,,,,
pair_003708,negative,None,,,,
pair_003709,negative,None,,,,
pair_003710,negative,None,,,,
pair_003711,negative,None,,,,
pair_003712,negative,None,,,,
pair_003713,negative,None,,,,
pair_003714,negative,None,,,,
pair_003715,negative,None,,,,
pair_003716,negative,None,,,,
pair_003717,negative,None,,,,
pair_003718,negative,None,,,,
pair_003719,negative,None,,,,
pair_003720,negative,None,,,,
pair_003721,negative,None,,,,
pair_003722,negative,None,,,,
pair_003723,negative,None,,,,
pair_003724,negative,None,,,,
pair_003725,negative,None,,,,
pair_003726,negative,None,,,,
pair_003727,negative,None,,,,
pair_003728,negative,None,,,,
pair_003729,negative,None,,,,
pair_003730,negative,None,,,,
pair_003731,negative,None,,,,
pair_003732,negative,None,,,,
pair_003733,negative,None,,,,
pair_003734,negative,None,,,,
pair_003735,negative,None,,,,
pair_003736,negative,None,,,,
pair_003737,negative,None,,,,
pair_003738,negative,None,,,,
pair_003739,negative,None,,,,
pair_003740,negative,None,,,,
pair_003741,negative,None,,,,
pair_003742,negative,None,,,,
pair_003743,negative,None,,,,
pair_003744,negative,None,,,,
pair_003745,negative,None,,,,
pair_003746,negative,None,,,,
pair_003747,negative,None,,,,
pair_003748,negative,None,,,,
pair_003749,negative,None,,,,
pair_003750,negative,None,,,,
pair_003751,negative,None,,,,
pair_003752,negative,None,,,,
pair_003753,negative,None,,,,
pair_003754,negative,None,,,,
pair_003755,negative,None,,,,
pair_003756,negative,None,,,,
pair_003757,negative,None,,,,
pair_003758,negative,None,,,,
pair_003759,negative,None,,,,
pair_003760,negative,None,,,,
pair_003761,negative,None,,,,
pair_003762,negative,None,,,,
pair_003763,negative,None,,,,
pair_003764,negative,None,,,,
pair_003765,negative,None,,,,
pair_003766,negative,None,,,,
pair_003767,negative,None,,,,
pair_003768,negative,None,,,,
pair_003769,negative,None,,,,
pair_003770,negative,None,,,,
pair_003771,negative,None,,,,
pair_003772,negative,None,,,,
pair_003773,negative,None,,,,
pair_003774,negative,None,,,,
pair_003775,negative,None,,,,
pair_003776,negative,None,,,,
pair_003777,negative,None,,,,
pair_003778,negative,None,,,,
pair_003779,negative,None,,,,
pair_003780,negative,None,,,,
pair_003781,negative,None,,,,
pair_003782,negative,None,,,,
pair_003783,negative,None,,,,
pair_003784,negative,None,,,,
pair_003785,negative,None,,,,
pair_003786,negative,None,,,,
pair_003787,negative,None,,,,
pair_003788,negative,None,,,,
pair_003789,negative,None,,,,
pair_003790,negative,None,,,,
pair_003791,negative,None,,,,
pair_003792,negative,None,,,,
pair_003793,negative,None,,,,
pair_003794,negative,None,,,,
pair_003795,negative,None,,,,
pair_003796,negative,None,,,,
pair_003797,negative,None,,,,
pair_003798,negative,None,,,,
pair_003799,negative,None,,,,
pair_003800,negative,None,,,,
pair_003801,negative,None,,,,
pair_003802,negative,None,,,,
pair_003803,negative,None,,,,
pair_003804,negative,None,,,,
pair_003805,negative,None,,,,
pair_003806,negative,None,,,,
pair_003807,negative,None,,,,
pair_003808,negative,None,,,,
pair_003809,negative,None,,,,
pair_003810,negative,None,,,,
pair_003811,negative,None,,,,
pair_003812,negative,None,,,,
pair_003813,negative,None,,,,
pair_003814,negative,None,,,,
pair_003815,negative,None,,,,
pair_003816,negative,None,,,,
pair_003817,negative,None,,,,
pair_003818,negative,None,,,,
pair_003819,negative,None,,,,
pair_003820,negative,None,,,,
pair_003821,negative,None,,,,
pair_003822,negative,None,,,,
pair_003823,negative,None,,,,
pair_003824,negative,None,,,,
pair_003825,negative,None,,,,
pair_003826,negative,None,,,,
pair_003827,negative,None,,,,
pair_003828,negative,None,,,,
pair_003829,negative,None,,,,
pair_003830,negative,None,,,,
pair_003831,negative,None,,,,
pair_003832,negative,None,,,,
pair_003833,negative,None,,,,
pair_003834,negative,None,,,,
pair_003835,negative,None,,,,
pair_003836,negative,None,,,,
pair_003837,negative,None,,,,
pair_003838,negative,None,,,,
pair_003839,negative,None,,,,
pair_003840,negative,None,,,,
pair_003841,negative,None,,,,
pair_003842,negative,None,,,,
pair_003843,negative,None,,,,
pair_003844,negative,None,,,,
pair_003845,negative,None,,,,
pair_003846,negative,None,,,,
pair_003847,negative,None,,,,
pair_003848,negative,None,,,,
pair_003849,negative,None,,,,
pair_003850,negative,None,,,,
pair_003851,negative,None,,,,
pair_003852,negative,None,,,,
pair_003853,negative,None,,,,
pair_003854,negative,None,,,,
pair_003855,negative,None,,,,
pair_003856,negative,None,,,,
pair_003857,negative,None,,,,
pair_003858,negative,None,,,,
pair_003859,negative,None,,,,
pair_003860,negative,None,,,,
pair_003861,negative,None,,,,
pair_003862,negative,None,,,,
pair_003863,negative,None,,,,
pair_003864,negative,None,,,,
pair_003865,negative,None,,,,
pair_003866,negative,None,,,,
pair_003867,negative,None,,,,
pair_003868,negative,None,,,,
pair_003869,negative,None,,,,
pair_003870,negative,None,,,,
pair_003871,negative,None,,,,
pair_003872,negative,None,,,,
pair_003873,negative,None,,,,
pair_003874,negative,None,,,,
pair_003875,negative,None,,,,
pair_003876,negative,None,,,,
pair_003877,negative,None,,,,
pair_003878,negative,None,,,,
pair_003879,negative,None,,,,
pair_003880,negative,None,,,,
pair_003881,negative,None,,,,
pair_003882,negative,None,,,,
pair_003883,negative,None,,,,
pair_003884,negative,None,,,,
pair_003885,negative,None,,,,
pair_003886,negative,None,,,,
pair_003887,negative,None,,,,
pair_003888,negative,None,,,,
pair_003889,negative,None,,,,
pair_003890,negative,None,,,,
pair_003891,negative,None,,,,
pair_003892,negative,None,,,,
pair_003893,negative,None,,,,
pair_003894,negative,None,,,,
pair_003895,negative,None,,,,
pair_003896,negative,None,,,,
pair_003897,negative,None,,,,
pair_003898,negative,None,,,,
pair_003899,negative,None,,,,
pair_003900,negative,None,,,,
pair_003901,negative,None,,,,
pair_003902,negative,None,,,,
pair_003903,negative,None,,,,
pair_003904,negative,None,,,,
pair_003905,negative,None,,,,
pair_003906,negative,None,,,,
pair_003907,negative,None,,,,
pair_003908,negative,None,,,,
pair_003909,negative,None,,,,
pair_003910,negative,None,,,,
pair_003911,negative,None,,,,
pair_003912,negative,None,,,,
pair_003913,negative,None,,,,
pair_003914,negative,None,,,,
pair_003915,negative,None,,,,
pair_003916,negative,None,,,,
pair_003917,negative,None,,,,
pair_003918,negative,None,,,,
pair_003919,negative,None,,,,
pair_003920,negative,None,,,,
pair_003921,negative,None,,,,
pair_003922,negative,None,,,,
pair_003923,negative,None,,,,
pair_003924,negative,None,,,,
pair_003925,negative,None,,,,
pair_003926,negative,None,,,,
pair_003927,negative,None,,,,
pair_003928,negative,None,,,,
pair_003929,negative,None,,,,
pair_003930,negative,None,,,,
pair_003931,negative,None,,,,
pair_003932,negative,None,,,,
pair_003933,negative,None,,,,
pair_003934,negative,None,,,,
pair_003935,negative,None,,,,
pair_003936,negative,None,,,,
pair_003937,negative,None,,,,
pair_003938,negative,None,,,,
pair_003939,negative,None,,,,
pair_003940,negative,None,,,,
pair_003941,negative,None,,,,
pair_003942,negative,None,,,,
pair_003943,negative,None,,,,
pair_003944,negative,None,,,,
pair_003945,negative,None,,,,
pair_003946,negative,None,,,,
pair_003947,negative,None,,,,
pair_003948,negative,None,,,,
pair_003949,negative,None,,,,
pair_003950,negative,None,,,,
pair_003951,negative,None,,,,
pair_003952,negative,None,,,,
pair_003953,negative,None,,,,
pair_003954,negative,None,,,,
pair_003955,negative,None,,,,
pair_003956,negative,None,,,,
pair_003957,negative,None,,,,
pair_003958,negative,None,,,,
pair_003959,negative,None,,,,
pair_003960,negative,None,,,,
pair_003961,negative,None,,,,
pair_003962,negative,None,,,,
pair_003963,negative,None,,,,
pair_003964,negative,None,,,,
pair_003965,negative,None,,,,
pair_003966,negative,None,,,,
pair_003967,negative,None,,,,
pair_003968,negative,None,,,,
pair_003969,negative,None,,,,
pair_003970,negative,None,,,,
pair_003971,negative,None,,,,
pair_003972,negative,None,,,,
pair_003973,negative,None,,,,
pair_003974,negative,None,,,,
pair_003975,negative,None,,,,
pair_003976,negative,None,,,,
pair_003977,negative,None,,,,
pair_003978,negative,None,,,,
pair_003979,negative,None,,,,
pair_003980,negative,None,,,,
pair_003981,negative,None,,,,
pair_003982,negative,None,,,,
pair_003983,negative,None,,,,
pair_003984,negative,None,,,,
pair_003985,negative,None,,,,
pair_003986,negative,None,,,,
pair_003987,negative,None,,,,
pair_003988,negative,None,,,,
pair_003989,negative,None,,,,
pair_003990,negative,None,,,,
pair_003991,negative,None,,,,
pair_003992,negative,None,,,,
pair_003993,negative,None,,,,
pair_003994,negative,None,,,,
pair_003995,negative,None,,,,
pair_003996,negative,None,,,,
pair_003997,negative,None,,,,
pair_003998,negative,None,,,,
pair_003999,negative,None,,,,
pair_004000,negative,None,,,,
pair_004001,negative,None,,,,
pair_004002,negative,None,,,,
pair_004003,negative,None,,,,
pair_004004,negative,None,,,,
pair_004005,negative,None,,,,
pair_004006,negative,None,,,,
pair_004007,negative,None,,,,
pair_004008,negative,None,,,,
pair_004009,negative,None,,,,
pair_004010,negative,None,,,,
pair_004011,negative,None,,,,
pair_004012,negative,None,,,,
pair_004013,negative,None,,,,
pair_004014,negative,None,,,,
pair_004015,negative,None,,,,
pair_004016,negative,None,,,,
pair_004017,negative,None,,,,
pair_004018,negative,None,,,,
pair_004019,negative,None,,,,
pair_004020,negative,None,,,,
pair_004021,negative,None,,,,
pair_004022,negative,None,,,,
pair_004023,negative,None,,,,
pair_004024,negative,None,,,,
pair_004025,negative,None,,,,
pair_004026,negative,None,,,,
pair_004027,negative,None,,,,
pair_004028,negative,None,,,,
pair_004029,negative,None,,,,
pair_004030,negative,None,,,,
pair_004031,negative,None,,,,
pair_004032,negative,None,,,,
pair_004033,negative,None,,,,
pair_004034,negative,None,,,,
pair_004035,negative,None,,,,
pair_004036,negative,None,,,,
pair_004037,negative,None,,,,
pair_004038,negative,None,,,,
pair_004039,negative,None,,,,
pair_004040,negative,None,,,,
pair_004041,negative,None,,,,
pair_004042,negative,None,,,,
pair_004043,negative,None,,,,
pair_004044,negative,None,,,,
pair_004045,negative,None,,,,
pair_004046,negative,None,,,,
pair_004047,negative,None,,,,
pair_004048,negative,None,,,,
pair_004049,negative,None,,,,
pair_004050,negative,None,,,,
pair_004051,negative,None,,,,
pair_004052,negative,None,,,,
pair_004053,negative,None,,,,
pair_004054,negative,None,,,,
pair_004055,negative,None,,,,
pair_004056,negative,None,,,,
pair_004057,negative,None,,,,
pair_004058,negative,None,,,,
pair_004059,negative,None,,,,
pair_004060,negative,None,,,,
pair_004061,negative,None,,,,
pair_004062,negative,None,,,,
pair_004063,negative,None,,,,
pair_004064,negative,None,,,,
pair_004065,negative,None,,,,
pair_004066,negative,None,,,,
pair_004067,negative,None,,,,
pair_004068,negative,None,,,,
pair_004069,negative,None,,,,
pair_004070,negative,None,,,,
pair_004071,negative,None,,,,
pair_004072,negative,None,,,,
pair_004073,negative,None,,,,
pair_004074,negative,None,,,,
pair_004075,negative,None,,,,
pair_004076,negative,None,,,,
pair_004077,negative,None,,,,
pair_004078,negative,None,,,,
pair_004079,negative,None,,,,
pair_004080,negative,None,,,,
pair_004081,negative,None,,,,
pair_004082,negative,None,,,,
pair_004083,negative,None,,,,
pair_004084,negative,None,,,,
pair_004085,negative,None,,,,
pair_004086,negative,None,,,,
pair_004087,negative,None,,,,
pair_004088,negative,None,,,,
pair_004089,negative,None,,,,
pair_004090,negative,None,,,,
pair_004091,negative,None,,,,
pair_004092,negative,None,,,,
pair_004093,negative,None,,,,
pair_004094,negative,None,,,,
pair_004095,negative,None,,,,
pair_004096,negative,None,,,,
pair_004097,negative,None,,,,
pair_004098,negative,None,,,,
pair_004099,negative,None,,,,
pair_004100,negative,None,,,,
pair_004101,negative,None,,,,
pair_004102,negative,None,,,,
pair_004103,negative,None,,,,
pair_004104,negative,None,,,,
pair_004105,negative,None,,,,
pair_004106,negative,None,,,,
pair_004107,negative,None,,,,
pair_004108,negative,None,,,,
pair_004109,negative,None,,,,
pair_004110,negative,None,,,,
pair_004111,negative,None,,,,
pair_004112,negative,None,,,,
pair_004113,negative,None,,,,
pair_004114,negative,None,,,,
pair_004115,negative,None,,,,
pair_004116,negative,None,,,,
pair_004117,negative,None,,,,
pair_004118,negative,None,,,,
pair_004119,negative,None,,,,
pair_004120,negative,None,,,,
pair_004121,negative,None,,,,
pair_004122,negative,None,,,,
pair_004123,negative,None,,,,
pair_004124,negative,None,,,,
pair_004125,negative,None,,,,
pair_004126,negative,None,,,,
pair_004127,negative,None,,,,
pair_004128,negative,None,,,,
pair_004129,negative,None,,,,
pair_004130,negative,None,,,,
pair_004131,negative,None,,,,
pair_004132,negative,None,,,,
pair_004133,negative,None,,,,
pair_004134,negative,None,,,,
pair_004135,negative,None,,,,
pair_004136,negative,None,,,,
pair_004137,negative,None,,,,
pair_004138,negative,None,,,,
pair_004139,negative,None,,,,
pair_004140,negative,None,,,,
pair_004141,negative,None,,,,
pair_004142,negative,None,,,,
pair_004143,negative,None,,,,
pair_004144,negative,None,,,,
pair_004145,negative,None,,,,
pair_004146,negative,None,,,,
pair_004147,negative,None,,,,
pair_004148,negative,None,,,,
pair_004149,negative,None,,,,
pair_004150,negative,None,,,,
pair_004151,negative,None,,,,
pair_004152,negative,None,,,,
pair_004153,negative,None,,,,
pair_004154,negative,None,,,,
pair_004155,negative,None,,,,
pair_004156,negative,None,,,,
pair_004157,negative,None,,,,
pair_004158,negative,None,,,,
pair_004159,negative,None,,,,
pair_004160,negative,None,,,,
pair_004161,negative,None,,,,
pair_004162,negative,None,,,,
pair_004163,negative,None,,,,
pair_004164,negative,None,,,,
pair_004165,negative,None,,,,
pair_004166,negative,None,,,,
pair_004167,negative,None,,,,
pair_004168,negative,None,,,,
pair_004169,negative,None,,,,
pair_004170,negative,None,,,,
pair_004171,negative,None,,,,
pair_004172,negative,None,,,,
pair_004173,negative,None,,,,
pair_004174,negative,None,,,,
pair_004175,negative,None,,,,
pair_004176,negative,None,,,,
pair_004177,negative,None,,,,
pair_004178,negative,None,,,,
pair_004179,negative,None,,,,
pair_004180,negative,None,,,,
pair_004181,negative,None,,,,
pair_004182,negative,None,,,,
pair_004183,negative,None,,,,
pair_004184,negative,None,,,,
pair_004185,negative,None,,,,
pair_004186,negative,None,,,,
pair_004187,negative,None,,,,
pair_004188,negative,None,,,,
pair_004189,negative,None,,,,
pair_004190,negative,None,,,,
pair_004191,negative,None,,,,
pair_004192,negative,None,,,,
pair_004193,negative,None,,,,
pair_004194,negative,None,,,,
pair_004195,negative,None,,,,
pair_004196,negative,None,,,,
pair_004197,negative,None,,,,
pair_004198,negative,None,,,,
pair_004199,negative,None,,,,
pair_004200,negative,None,,,,
pair_004201,negative,None,,,,
pair_004202,negative,None,,,,
pair_004203,negative,None,,,,
pair_004204,negative,None,,,,
pair_004205,negative,None,,,,
pair_004206,negative,None,,,,
pair_004207,negative,None,,,,
pair_004208,negative,None,,,,
pair_004209,negative,None,,,,
pair_004210,negative,None,,,,
pair_004211,negative,None,,,,
pair_004212,negative,None,,,,
pair_004213,negative,None,,,,
pair_004214,negative,None,,,,
pair_004215,negative,None,,,,
pair_004216,negative,None,,,,
pair_004217,negative,None,,,,
pair_004218,negative,None,,,,
pair_004219,negative,None,,,,
pair_004220,negative,None,,,,
pair_004221,negative,None,,,,
pair_004222,negative,None,,,,
pair_004223,negative,None,,,,
pair_004224,negative,None,,,,
pair_004225,negative,None,,,,
pair_004226,negative,None,,,,
pair_004227,negative,None,,,,
pair_004228,negative,None,,,,
pair_004229,negative,None,,,,
pair_004230,negative,None,,,,
pair_004231,negative,None,,,,
pair_004232,negative,None,,,,
pair_004233,negative,None,,,,
pair_004234,negative,None,,,,
pair_004235,negative,None,,,,
pair_004236,negative,None,,,,
pair_004237,negative,None,,,,
pair_004238,negative,None,,,,
pair_004239,negative,None,,,,
pair_004240,negative,None,,,,
pair_004241,negative,None,,,,
pair_004242,negative,None,,,,
pair_004243,negative,None,,,,
pair_004244,negative,None,,,,
pair_004245,negative,None,,,,
pair_004246,negative,None,,,,
pair_004247,negative,None,,,,
pair_004248,negative,None,,,,
pair_004249,negative,None,,,,
pair_004250,negative,None,,,,
pair_004251,negative,None,,,,
pair_004252,negative,None,,,,
pair_004253,negative,None,,,,
pair_004254,negative,None,,,,
pair_004255,negative,None,,,,
pair_004256,negative,None,,,,
pair_004257,negative,None,,,,
pair_004258,negative,None,,,,
pair_004259,negative,None,,,,
pair_004260,negative,None,,,,
pair_004261,negative,None,,,,
pair_004262,negative,None,,,,
pair_004263,negative,None,,,,
pair_004264,negative,None,,,,
pair_004265,negative,None,,,,
pair_004266,negative,None,,,,
pair_004267,negative,None,,,,
pair_004268,negative,None,,,,
pair_004269,negative,None,,,,
pair_004270,negative,None,,,,
pair_004271,negative,None,,,,
pair_004272,negative,None,,,,
pair_004273,negative,None,,,,
pair_004274,negative,None,,,,
pair_004275,negative,None,,,,
pair_004276,negative,None,,,,
pair_004277,negative,None,,,,
pair_004278,negative,None,,,,
pair_004279,negative,None,,,,
pair_004280,negative,None,,,,
pair_004281,negative,None,,,,
pair_004282,negative,None,,,,
pair_004283,negative,None,,,,
pair_004284,negative,None,,,,
pair_004285,negative,None,,,,
pair_004286,negative,None,,,,
pair_004287,negative,None,,,,
pair_004288,negative,None,,,,
pair_004289,negative,None,,,,
pair_004290,negative,None,,,,
pair_004291,negative,None,,,,
pair_004292,negative,None,,,,
pair_004293,negative,None,,,,
pair_004294,negative,None,,,,
pair_004295,negative,None,,,,
pair_004296,negative,None,,,,
pair_004297,negative,None,,,,
pair_004298,negative,None,,,,
pair_004299,negative,None,,,,
pair_004300,negative,None,,,,
pair_004301,negative,None,,,,
pair_004302,negative,None,,,,
pair_004303,negative,None,,,,
pair_004304,negative,None,,,,
pair_004305,negative,None,,,,
pair_004306,negative,None,,,,
pair_004307,negative,None,,,,
pair_004308,negative,None,,,,
pair_004309,negative,None,,,,
pair_004310,negative,None,,,,
pair_004311,negative,None,,,,
pair_004312,negative,None,,,,
pair_004313,negative,None,,,,
pair_004314,negative,None,,,,
pair_004315,negative,None,,,,
pair_004316,negative,None,,,,
pair_004317,negative,None,,,,
pair_004318,negative,None,,,,
pair_004319,negative,None,,,,
pair_004320,negative,None,,,,
pair_004321,negative,None,,,,
pair_004322,negative,None,,,,
pair_004323,negative,None,,,,
pair_004324,negative,None,,,,
pair_004325,negative,None,,,,
pair_004326,negative,None,,,,
pair_004327,negative,None,,,,
pair_004328,negative,None,,,,
pair_004329,negative,None,,,,
pair_004330,negative,None,,,,
pair_004331,negative,None,,,,
pair_004332,negative,None,,,,
pair_004333,negative,None,,,,
pair_004334,negative,None,,,,
pair_004335,negative,None,,,,
pair_004336,negative,None,,,,
pair_004337,negative,None,,,,
pair_004338,negative,None,,,,
pair_004339,negative,None,,,,
pair_004340,negative,None,,,,
pair_004341,negative,None,,,,
pair_004342,negative,None,,,,
pair_004343,negative,None,,,,
pair_004344,negative,None,,,,
pair_004345,negative,None,,,,
pair_004346,negative,None,,,,
pair_004347,negative,None,,,,
pair_004348,negative,None,,,,
pair_004349,negative,None,,,,
pair_004350,negative,None,,,,
pair_004351,negative,None,,,,
pair_004352,negative,None,,,,
pair_004353,negative,None,,,,
pair_004354,negative,None,,,,
pair_004355,negative,None,,,,
pair_004356,negative,None,,,,
pair_004357,negative,None,,,,
pair_004358,negative,None,,,,
pair_004359,negative,None,,,,
pair_004360,negative,None,,,,
pair_004361,negative,None,,,,
pair_004362,negative,None,,,,
pair_004363,negative,None,,,,
pair_004364,negative,None,,,,
pair_004365,negative,None,,,,
pair_004366,negative,None,,,,
pair_004367,negative,None,,,,
pair_004368,negative,None,,,,
pair_004369,negative,None,,,,
pair_004370,negative,None,,,,
pair_004371,negative,None,,,,
pair_004372,negative,None,,,,
pair_004373,negative,None,,,,
pair_004374,negative,None,,,,
pair_004375,negative,None,,,,
pair_004376,negative,None,,,,
pair_004377,negative,None,,,,
pair_004378,negative,None,,,,
pair_004379,negative,None,,,,
pair_004380,negative,None,,,,
pair_004381,negative,None,,,,
pair_004382,negative,None,,,,
pair_004383,negative,None,,,,
pair_004384,negative,None,,,,
pair_004385,negative,None,,,,
pair_004386,negative,None,,,,
pair_004387,negative,None,,,,
pair_004388,negative,None,,,,
pair_004389,negative,None,,,,
pair_004390,negative,None,,,,
pair_004391,negative,None,,,,
pair_004392,negative,None,,,,
pair_004393,negative,None,,,,
pair_004394,negative,None,,,,
pair_004395,negative,None,,,,
pair_004396,negative,None,,,,
pair_004397,negative,None,,,,
pair_004398,negative,None,,,,
pair_004399,negative,None,,,,
pair_004400,negative,None,,,,
pair_004401,negative,None,,,,
pair_004402,negative,None,,,,
pair_004403,negative,None,,,,
pair_004404,negative,None,,,,
pair_004405,negative,None,,,,
pair_004406,negative,None,,,,
pair_004407,negative,None,,,,
pair_004408,negative,None,,,,
pair_004409,negative,None,,,,
pair_004410,negative,None,,,,
pair_004411,negative,None,,,,
pair_004412,negative,None,,,,
pair_004413,negative,None,,,,
pair_004414,negative,None,,,,
pair_004415,negative,None,,,,
pair_004416,negative,None,,,,
pair_004417,negative,None,,,,
pair_004418,negative,None,,,,
pair_004419,negative,None,,,,
pair_004420,negative,None,,,,
pair_004421,negative,None,,,,
pair_004422,negative,None,,,,
pair_004423,negative,None,,,,
pair_004424,negative,None,,,,
pair_004425,negative,None,,,,
pair_004426,negative,None,,,,
pair_004427,negative,None,,,,
pair_004428,negative,None,,,,
pair_004429,negative,None,,,,
pair_004430,negative,None,,,,
pair_004431,negative,None,,,,
pair_004432,negative,None,,,,
pair_004433,negative,None,,,,
pair_004434,negative,None,,,,
pair_004435,negative,None,,,,
pair_004436,negative,None,,,,
pair_004437,negative,None,,,,
pair_004438,negative,None,,,,
pair_004439,negative,None,,,,
pair_004440,negative,None,,,,
pair_004441,negative,None,,,,
pair_004442,negative,None,,,,
pair_004443,negative,None,,,,
pair_004444,negative,None,,,,
pair_004445,negative,None,,,,
pair_004446,negative,None,,,,
pair_004447,negative,None,,,,
pair_004448,negative,None,,,,
pair_004449,negative,None,,,,
pair_004450,negative,None,,,,
pair_004451,negative,None,,,,
pair_004452,negative,None,,,,
pair_004453,negative,None,,,,
pair_004454,negative,None,,,,
pair_004455,negative,None,,,,
pair_004456,negative,None,,,,
pair_004457,negative,None,,,,
pair_004458,negative,None,,,,
pair_004459,negative,None,,,,
pair_004460,negative,None,,,,
pair_004461,negative,None,,,,
pair_004462,negative,None,,,,
pair_004463,negative,None,,,,
pair_004464,negative,None,,,,
pair_004465,negative,None,,,,
pair_004466,negative,None,,,,
pair_004467,negative,None,,,,
pair_004468,negative,None,,,,
pair_004469,negative,None,,,,
pair_004470,negative,None,,,,
pair_004471,negative,None,,,,
pair_004472,negative,None,,,,
pair_004473,negative,None,,,,
pair_004474,negative,None,,,,
pair_004475,negative,None,,,,
pair_004476,negative,None,,,,
pair_004477,negative,None,,,,
pair_004478,negative,None,,,,
pair_004479,negative,None,,,,
pair_004480,negative,None,,,,
pair_004481,negative,None,,,,
pair_004482,negative,None,,,,
pair_004483,negative,None,,,,
pair_004484,negative,None,,,,
pair_004485,negative,None,,,,
pair_004486,negative,None,,,,
pair_004487,negative,None,,,,
pair_004488,negative,None,,,,
pair_004489,negative,None,,,,
pair_004490,negative,None,,,,
pair_004491,negative,None,,,,
pair_004492,negative,None,,,,
pair_004493,negative,None,,,,
pair_004494,negative,None,,,,
pair_004495,negative,None,,,,
pair_004496,negative,None,,,,
pair_004497,negative,None,,,,
pair_004498,negative,None,,,,
pair_004499,negative,None,,,,
pair_004500,negative,None,,,,
pair_004501,negative,None,,,,
pair_004502,negative,None,,,,
pair_004503,negative,None,,,,
pair_004504,negative,None,,,,
pair_004505,negative,None,,,,
pair_004506,negative,None,,,,
pair_004507,negative,None,,,,
pair_004508,negative,None,,,,
pair_004509,negative,None,,,,
pair_004510,negative,None,,,,
pair_004511,negative,None,,,,
pair_004512,negative,None,,,,
pair_004513,negative,None,,,,
pair_004514,negative,None,,,,
pair_004515,negative,None,,,,
pair_004516,negative,None,,,,
pair_004517,negative,None,,,,
pair_004518,negative,None,,,,
pair_004519,negative,None,,,,
pair_004520,negative,None,,,,
pair_004521,negative,None,,,,
pair_004522,negative,None,,,,
pair_004523,negative,None,,,,
pair_004524,negative,None,,,,
pair_004525,negative,None,,,,
pair_004526,negative,None,,,,
pair_004527,negative,None,,,,
pair_004528,negative,None,,,,
pair_004529,negative,None,,,,
pair_004530,negative,None,,,,
pair_004531,negative,None,,,,
pair_004532,negative,None,,,,
pair_004533,negative,None,,,,
pair_004534,negative,None,,,,
pair_004535,negative,None,,,,
pair_004536,negative,None,,,,
pair_004537,negative,None,,,,
pair_004538,negative,None,,,,
pair_004539,negative,None,,,,
pair_004540,negative,None,,,,
pair_004541,negative,None,,,,
pair_004542,negative,None,,,,
pair_004543,negative,None,,,,
pair_004544,negative,None,,,,
pair_004545,negative,None,,,,
pair_004546,negative,None,,,,
pair_004547,negative,None,,,,
pair_004548,negative,None,,,,
pair_004549,negative,None,,,,
pair_004550,negative,None,,,,
pair_004551,negative,None,,,,
pair_004552,negative,None,,,,
pair_004553,negative,None,,,,
pair_004554,negative,None,,,,
pair_004555,negative,None,,,,
pair_004556,negative,None,,,,
pair_004557,negative,None,,,,
pair_004558,negative,None,,,,
pair_004559,negative,None,,,,
pair_004560,negative,None,,,,
pair_004561,negative,None,,,,
pair_004562,negative,None,,,,
pair_004563,negative,None,,,,
pair_004564,negative,None,,,,
pair_004565,negative,None,,,,
pair_004566,negative,None,,,,
pair_004567,negative,None,,,,
pair_004568,negative,None,,,,
pair_004569,negative,None,,,,
pair_004570,negative,None,,,,
pair_004571,negative,None,,,,
pair_004572,negative,None,,,,
pair_004573,negative,None,,,,
pair_004574,negative,None,,,,
pair_004575,negative,None,,,,
pair_004576,negative,None,,,,
pair_004577,negative,None,,,,
pair_004578,negative,None,,,,
pair_004579,negative,None,,,,
pair_004580,negative,None,,,,
pair_004581,negative,None,,,,
pair_004582,negative,None,,,,
pair_004583,negative,None,,,,
pair_004584,negative,None,,,,
pair_004585,negative,None,,,,
pair_004586,negative,None,,,,
pair_004587,negative,None,,,,
pair_004588,negative,None,,,,
pair_004589,negative,None,,,,
pair_004590,negative,None,,,,
pair_004591,negative,None,,,,
pair_004592,negative,None,,,,
pair_004593,negative,None,,,,
pair_004594,negative,None,,,,
pair_004595,negative,None,,,,
pair_004596,negative,None,,,,
pair_004597,negative,None,,,,
pair_004598,negative,None,,,,
pair_004599,negative,None,,,,
pair_004600,negative,None,,,,
pair_004601,negative,None,,,,
pair_004602,negative,None,,,,
pair_004603,negative,None,,,,
pair_004604,negative,None,,,,
pair_004605,negative,None,,,,
pair_004606,negative,None,,,,
pair_004607,negative,None,,,,
pair_004608,negative,None,,,,
pair_004609,negative,None,,,,
pair_004610,negative,None,,,,
pair_004611,negative,None,,,,
pair_004612,negative,None,,,,
pair_004613,negative,None,,,,
pair_004614,negative,None,,,,
pair_004615,negative,None,,,,
pair_004616,negative,None,,,,
pair_004617,negative,None,,,,
pair_004618,negative,None,,,,
pair_004619,negative,None,,,,
pair_004620,negative,None,,,,
pair_004621,negative,None,,,,
pair_004622,negative,None,,,,
pair_004623,negative,None,,,,
pair_004624,negative,None,,,,
pair_004625,negative,None,,,,
pair_004626,negative,None,,,,
pair_004627,negative,None,,,,
pair_004628,negative,None,,,,
pair_004629,negative,None,,,,
pair_004630,negative,None,,,,
pair_004631,negative,None,,,,
pair_004632,negative,None,,,,
pair_004633,negative,None,,,,
pair_004634,negative,None,,,,
pair_004635,negative,None,,,,
pair_004636,negative,None,,,,
pair_004637,negative,None,,,,
pair_004638,negative,None,,,,
pair_004639,negative,None,,,,
pair_004640,negative,None,,,,
pair_004641,negative,None,,,,
pair_004642,negative,None,,,,
pair_004643,negative,None,,,,
pair_004644,negative,None,,,,
pair_004645,negative,None,,,,
pair_004646,negative,None,,,,
pair_004647,negative,None,,,,
pair_004648,negative,None,,,,
pair_004649,negative,None,,,,
pair_004650,negative,None,,,,
pair_004651,negative,None,,,,
pair_004652,negative,None,,,,
pair_004653,negative,None,,,,
pair_004654,negative,None,,,,
pair_004655,negative,None,,,,
pair_004656,negative,None,,,,
pair_004657,negative,None,,,,
pair_004658,negative,None,,,,
pair_004659,negative,None,,,,
pair_004660,negative,None,,,,
pair_004661,negative,None,,,,
pair_004662,negative,None,,,,
pair_004663,negative,None,,,,
pair_004664,negative,None,,,,
pair_004665,negative,None,,,,
pair_004666,negative,None,,,,
pair_004667,negative,None,,,,
pair_004668,negative,None,,,,
pair_004669,negative,None,,,,
pair_004670,negative,None,,,,
pair_004671,negative,None,,,,
pair_004672,negative,None,,,,
pair_004673,negative,None,,,,
pair_004674,negative,None,,,,
pair_004675,negative,None,,,,
pair_004676,negative,None,,,,
pair_004677,negative,None,,,,
pair_004678,negative,None,,,,
pair_004679,negative,None,,,,
pair_004680,negative,None,,,,
pair_004681,negative,None,,,,
pair_004682,negative,None,,,,
pair_004683,negative,None,,,,
pair_004684,negative,None,,,,
pair_004685,negative,None,,,,
pair_004686,negative,None,,,,
pair_004687,negative,None,,,,
pair_004688,negative,None,,,,
pair_004689,negative,None,,,,
pair_004690,negative,None,,,,
pair_004691,negative,None,,,,
pair_004692,negative,None,,,,
pair_004693,negative,None,,,,
pair_004694,negative,None,,,,
pair_004695,negative,None,,,,
pair_004696,negative,None,,,,
pair_004697,negative,None,,,,
pair_004698,negative,None,,,,
pair_004699,negative,None,,,,
pair_004700,negative,None,,,,
pair_004701,negative,None,,,,
pair_004702,negative,None,,,,
pair_004703,negative,None,,,,
pair_004704,negative,None,,,,
pair_004705,negative,None,,,,
pair_004706,negative,None,,,,
pair_004707,negative,None,,,,
pair_004708,negative,None,,,,
pair_004709,negative,None,,,,
pair_004710,negative,None,,,,
pair_004711,negative,None,,,,
pair_004712,negative,None,,,,
pair_004713,negative,None,,,,
pair_004714,negative,None,,,,
pair_004715,negative,None,,,,
pair_004716,negative,None,,,,
pair_004717,negative,None,,,,
pair_004718,negative,None,,,,
pair_004719,negative,None,,,,
pair_004720,negative,None,,,,
pair_004721,negative,None,,,,
pair_004722,negative,None,,,,
pair_004723,negative,None,,,,
pair_004724,negative,None,,,,
pair_004725,negative,None,,,,
pair_004726,negative,None,,,,
pair_004727,negative,None,,,,
pair_004728,negative,None,,,,
pair_004729,negative,None,,,,
pair_004730,negative,None,,,,
pair_004731,negative,None,,,,
pair_004732,negative,None,,,,
pair_004733,negative,None,,,,
pair_004734,negative,None,,,,
pair_004735,negative,None,,,,
pair_004736,negative,None,,,,
pair_004737,negative,None,,,,
pair_004738,negative,None,,,,
pair_004739,negative,None,,,,
pair_004740,negative,None,,,,
pair_004741,negative,None,,,,
pair_004742,negative,None,,,,
pair_004743,negative,None,,,,
pair_004744,negative,None,,,,
pair_004745,negative,None,,,,
pair_004746,negative,None,,,,
pair_004747,negative,None,,,,
pair_004748,negative,None,,,,
pair_004749,negative,None,,,,
pair_004750,negative,None,,,,
pair_004751,negative,None,,,,
pair_004752,negative,None,,,,
pair_004753,negative,None,,,,
pair_004754,negative,None,,,,
pair_004755,negative,None,,,,
pair_004756,negative,None,,,,
pair_004757,negative,None,,,,
pair_004758,negative,None,,,,
pair_004759,negative,None,,,,
pair_004760,negative,None,,,,
pair_004761,negative,None,,,,
pair_004762,negative,None,,,,
pair_004763,negative,None,,,,
pair_004764,negative,None,,,,
pair_004765,negative,None,,,,
pair_004766,negative,None,,,,
pair_004767,negative,None,,,,
pair_004768,negative,None,,,,
pair_004769,negative,None,,,,
pair_004770,negative,None,,,,
pair_004771,negative,None,,,,
pair_004772,negative,None,,,,
pair_004773,negative,None,,,,
pair_004774,negative,None,,,,
pair_004775,negative,None,,,,
pair_004776,negative,None,,,,
pair_004777,negative,None,,,,
pair_004778,negative,None,,,,
pair_004779,negative,None,,,,
pair_004780,negative,None,,,,
pair_004781,negative,None,,,,
pair_004782,negative,None,,,,
pair_004783,negative,None,,,,
pair_004784,negative,None,,,,
pair_004785,negative,None,,,,
pair_004786,negative,None,,,,
pair_004787,negative,None,,,,
pair_004788,negative,None,,,,
pair_004789,negative,None,,,,
pair_004790,negative,None,,,,
pair_004791,negative,None,,,,
pair_004792,negative,None,,,,
pair_004793,negative,None,,,,
pair_004794,negative,None,,,,
pair_004795,negative,None,,,,
pair_004796,negative,None,,,,
pair_004797,negative,None,,,,
pair_004798,negative,None,,,,
pair_004799,negative,None,,,,
pair_004800,negative,None,,,,
pair_004801,negative,None,,,,
pair_004802,negative,None,,,,
pair_004803,negative,None,,,,
pair_004804,negative,None,,,,
pair_004805,negative,None,,,,
pair_004806,negative,None,,,,
pair_004807,negative,None,,,,
pair_004808,negative,None,,,,
pair_004809,negative,None,,,,
pair_004810,negative,None,,,,
pair_004811,negative,None,,,,
pair_004812,negative,None,,,,
pair_004813,negative,None,,,,
pair_004814,negative,None,,,,
pair_004815,negative,None,,,,
pair_004816,negative,None,,,,
pair_004817,negative,None,,,,
pair_004818,negative,None,,,,
pair_004819,negative,None,,,,
pair_004820,negative,None,,,,
pair_004821,negative,None,,,,
pair_004822,negative,None,,,,
pair_004823,negative,None,,,,
pair_004824,negative,None,,,,
pair_004825,negative,None,,,,
pair_004826,negative,None,,,,
pair_004827,negative,None,,,,
pair_004828,negative,None,,,,
pair_004829,negative,None,,,,
pair_004830,negative,None,,,,
pair_004831,negative,None,,,,
pair_004832,negative,None,,,,
pair_004833,negative,None,,,,
pair_004834,negative,None,,,,
pair_004835,negative,None,,,,
pair_004836,negative,None,,,,
pair_004837,negative,None,,,,
pair_004838,negative,None,,,,
pair_004839,negative,None,,,,
pair_004840,negative,None,,,,
pair_004841,negative,None,,,,
pair_004842,negative,None,,,,
pair_004843,negative,None,,,,
pair_004844,negative,None,,,,
pair_004845,negative,None,,,,
pair_004846,negative,None,,,,
pair_004847,negative,None,,,,
pair_004848,negative,None,,,,
pair_004849,negative,None,,,,
pair_004850,negative,None,,,,
pair_004851,negative,None,,,,
pair_004852,negative,None,,,,
pair_004853,negative,None,,,,
pair_004854,negative,None,,,,
pair_004855,negative,None,,,,
pair_004856,negative,None,,,,
pair_004857,negative,None,,,,
pair_004858,negative,None,,,,
pair_004859,negative,None,,,,
pair_004860,negative,None,,,,
pair_004861,negative,None,,,,
pair_004862,negative,None,,,,
pair_004863,negative,None,,,,
pair_004864,negative,None,,,,
pair_004865,negative,None,,,,
pair_004866,negative,None,,,,
pair_004867,negative,None,,,,
pair_004868,negative,None,,,,
pair_004869,negative,None,,,,
pair_004870,negative,None,,,,
pair_004871,negative,None,,,,
pair_004872,negative,None,,,,
pair_004873,negative,None,,,,
pair_004874,negative,None,,,,
pair_004875,negative,None,,,,
pair_004876,negative,None,,,,
pair_004877,negative,None,,,,
pair_004878,negative,None,,,,
pair_004879,negative,None,,,,
pair_004880,negative,None,,,,
pair_004881,negative,None,,,,
pair_004882,negative,None,,,,
pair_004883,negative,None,,,,
pair_004884,negative,None,,,,
pair_004885,negative,None,,,,
pair_004886,negative,None,,,,
pair_004887,negative,None,,,,
pair_004888,negative,None,,,,
pair_004889,negative,None,,,,
pair_004890,negative,None,,,,
pair_004891,negative,None,,,,
pair_004892,negative,None,,,,
pair_004893,negative,None,,,,
pair_004894,negative,None,,,,
pair_004895,negative,None,,,,
pair_004896,negative,None,,,,
pair_004897,negative,None,,,,
pair_004898,negative,None,,,,
pair_004899,negative,None,,,,
pair_004900,negative,None,,,,
pair_004901,negative,None,,,,
pair_004902,negative,None,,,,
pair_004903,negative,None,,,,
pair_004904,negative,None,,,,
pair_004905,negative,None,,,,
pair_004906,negative,None,,,,
pair_004907,negative,None,,,,
pair_004908,negative,None,,,,
pair_004909,negative,None,,,,
pair_004910,negative,None,,,,
pair_004911,negative,None,,,,
pair_004912,negative,None,,,,
pair_004913,negative,None,,,,
pair_004914,negative,None,,,,
pair_004915,negative,None,,,,
pair_004916,negative,None,,,,
pair_004917,negative,None,,,,
pair_004918,negative,None,,,,
pair_004919,negative,None,,,,
pair_004920,negative,None,,,,
pair_004921,negative,None,,,,
pair_004922,negative,None,,,,
pair_004923,negative,None,,,,
pair_004924,negative,None,,,,
pair_004925,negative,None,,,,
pair_004926,negative,None,,,,
pair_004927,negative,None,,,,
pair_004928,negative,None,,,,
pair_004929,negative,None,,,,
pair_004930,negative,None,,,,
pair_004931,negative,None,,,,
pair_004932,negative,None,,,,
pair_004933,negative,None,,,,
pair_004934,negative,None,,,,
pair_004935,negative,None,,,,
pair_004936,negative,None,,,,
pair_004937,negative,None,,,,
pair_004938,negative,None,,,,
pair_004939,negative,None,,,,
pair_004940,negative,None,,,,
pair_004941,negative,None,,,,
pair_004942,negative,None,,,,
pair_004943,negative,None,,,,
pair_004944,negative,None,,,,
pair_004945,negative,None,,,,
pair_004946,negative,None,,,,
pair_004947,negative,None,,,,
pair_004948,negative,None,,,,
pair_004949,negative,None,,,,
pair_004950,negative,None,,,,
pair_004951,negative,None,,,,
pair_004952,negative,None,,,,
pair_004953,negative,None,,,,
pair_004954,negative,None,,,,
pair_004955,negative,None,,,,
pair_004956,negative,None,,,,
pair_004957,negative,None,,,,
pair_004958,negative,None,,,,
pair_004959,negative,None,,,,
pair_004960,negative,None,,,,
pair_004961,negative,None,,,,
pair_004962,negative,None,,,,
pair_004963,negative,None,,,,
pair_004964,negative,None,,,,
pair_004965,negative,None,,,,
pair_004966,negative,None,,,,
pair_004967,negative,None,,,,
pair_004968,negative,None,,,,
pair_004969,negative,None,,,,
pair_004970,negative,None,,,,
pair_004971,negative,None,,,,
pair_004972,negative,None,,,,
pair_004973,negative,None,,,,
pair_004974,negative,None,,,,
pair_004975,negative,None,,,,
pair_004976,negative,None,,,,
pair_004977,negative,None,,,,
pair_004978,negative,None,,,,
pair_004979,negative,None,,,,
pair_004980,negative,None,,,,
pair_004981,negative,None,,,,
pair_004982,negative,None,,,,
pair_004983,negative,None,,,,
pair_004984,negative,None,,,,
pair_004985,negative,None,,,,
pair_004986,negative,None,,,,
pair_004987,negative,None,,,,
pair_004988,negative,None,,,,
pair_004989,negative,None,,,,
pair_004990,negative,None,,,,
pair_004991,negative,None,,,,
pair_004992,negative,None,,,,
pair_004993,negative,None,,,,
pair_004994,negative,None,,,,
pair_004995,negative,None,,,,
pair_004996,negative,None,,,,
pair_004997,negative,None,,,,
pair_004998,negative,None,,,,
pair_004999,negative,None,,,,
pair_005000,negative,None,,,,
pair_005001,negative,None,,,,
pair_005002,negative,None,,,,
pair_005003,negative,None,,,,
pair_005004,negative,None,,,,
pair_005005,negative,None,,,,
pair_005006,negative,None,,,,
pair_005007,negative,None,,,,
pair_005008,negative,None,,,,
pair_005009,negative,None,,,,
pair_005010,negative,None,,,,
pair_005011,negative,None,,,,
pair_005012,negative,None,,,,
pair_005013,negative,None,,,,
pair_005014,negative,None,,,,
pair_005015,negative,None,,,,
pair_005016,negative,None,,,,
pair_005017,negative,None,,,,
pair_005018,negative,None,,,,
pair_005019,negative,None,,,,
pair_005020,negative,None,,,,
pair_005021,negative,None,,,,
pair_005022,negative,None,,,,
pair_005023,negative,None,,,,
pair_005024,negative,None,,,,
pair_005025,negative,None,,,,
pair_005026,negative,None,,,,
pair_005027,negative,None,,,,
pair_005028,negative,None,,,,
pair_005029,negative,None,,,,
pair_005030,negative,None,,,,
pair_005031,negative,None,,,,
pair_005032,negative,None,,,,
pair_005033,negative,None,,,,
pair_005034,negative,None,,,,
pair_005035,negative,None,,,,
pair_005036,negative,None,,,,
pair_005037,negative,None,,,,
pair_005038,negative,None,,,,
pair_005039,negative,None,,,,
pair_005040,negative,None,,,,
pair_005041,negative,None,,,,
pair_005042,negative,None,,,,
pair_005043,negative,None,,,,
pair_005044,negative,None,,,,
pair_005045,negative,None,,,,
pair_005046,negative,None,,,,
pair_005047,negative,None,,,,
pair_005048,negative,None,,,,
pair_005049,negative,None,,,,
pair_005050,negative,None,,,,
pair_005051,negative,None,,,,
pair_005052,negative,None,,,,
pair_005053,negative,None,,,,
pair_005054,negative,None,,,,
pair_005055,negative,None,,,,
pair_005056,negative,None,,,,
pair_005057,negative,None,,,,
pair_005058,negative,None,,,,
pair_005059,negative,None,,,,
pair_005060,negative,None,,,,
pair_005061,negative,None,,,,
pair_005062,negative,None,,,,
pair_005063,negative,None,,,,
pair_005064,negative,None,,,,
pair_005065,negative,None,,,,
pair_005066,negative,None,,,,
pair_005067,negative,None,,,,
pair_005068,negative,None,,,,
pair_005069,negative,None,,,,
pair_005070,negative,None,,,,
pair_005071,negative,None,,,,
pair_005072,negative,None,,,,
pair_005073,negative,None,,,,
pair_005074,negative,None,,,,
pair_005075,negative,None,,,,
pair_005076,negative,None,,,,
pair_005077,negative,None,,,,
pair_005078,negative,None,,,,
pair_005079,negative,None,,,,
pair_005080,negative,None,,,,
pair_005081,negative,None,,,,
pair_005082,negative,None,,,,
pair_005083,negative,None,,,,
pair_005084,negative,None,,,,
pair_005085,negative,None,,,,
pair_005086,negative,None,,,,
pair_005087,negative,None,,,,
pair_005088,negative,None,,,,
pair_005089,negative,None,,,,
pair_005090,negative,None,,,,
pair_005091,negative,None,,,,
pair_005092,negative,None,,,,
pair_005093,negative,None,,,,
pair_005094,negative,None,,,,
pair_005095,negative,None,,,,
pair_005096,negative,None,,,,
pair_005097,negative,None,,,,
pair_005098,negative,None,,,,
pair_005099,negative,None,,,,
pair_005100,negative,None,,,,
pair_005101,negative,None,,,,
pair_005102,negative,None,,,,
pair_005103,negative,None,,,,
pair_005104,negative,None,,,,
pair_005105,negative,None,,,,
pair_005106,negative,None,,,,
pair_005107,negative,None,,,,
pair_005108,negative,None,,,,
pair_005109,negative,None,,,,
pair_005110,negative,None,,,,
pair_005111,negative,None,,,,
pair_005112,negative,None,,,,
pair_005113,negative,None,,,,
pair_005114,negative,None,,,,
pair_005115,negative,None,,,,
pair_005116,negative,None,,,,
pair_005117,negative,None,,,,
pair_005118,negative,None,,,,
pair_005119,negative,None,,,,
pair_005120,negative,None,,,,
pair_005121,negative,None,,,,
pair_005122,negative,None,,,,
pair_005123,negative,None,,,,
pair_005124,negative,None,,,,
pair_005125,negative,None,,,,
pair_005126,negative,None,,,,
pair_005127,negative,None,,,,
pair_005128,negative,None,,,,
pair_005129,negative,None,,,,
pair_005130,negative,None,,,,
pair_005131,negative,None,,,,
pair_005132,negative,None,,,,
pair_005133,negative,None,,,,
pair_005134,negative,None,,,,
pair_005135,negative,None,,,,
pair_005136,negative,None,,,,
pair_005137,negative,None,,,,
pair_005138,negative,None,,,,
pair_005139,negative,None,,,,
pair_005140,negative,None,,,,
pair_005141,negative,None,,,,
pair_005142,negative,None,,,,
pair_005143,negative,None,,,,
pair_005144,negative,None,,,,
pair_005145,negative,None,,,,
pair_005146,negative,None,,,,
pair_005147,negative,None,,,,
pair_005148,negative,None,,,,
pair_005149,negative,None,,,,
pair_005150,negative,None,,,,
pair_005151,negative,None,,,,
pair_005152,negative,None,,,,
pair_005153,negative,None,,,,
pair_005154,negative,None,,,,
pair_005155,negative,None,,,,
pair_005156,negative,None,,,,
pair_005157,negative,None,,,,
pair_005158,negative,None,,,,
pair_005159,negative,None,,,,
pair_005160,negative,None,,,,
pair_005161,negative,None,,,,
pair_005162,negative,None,,,,
pair_005163,negative,None,,,,
pair_005164,negative,None,,,,
pair_005165,negative,None,,,,
pair_005166,negative,None,,,,
pair_005167,negative,None,,,,
pair_005168,negative,None,,,,
pair_005169,negative,None,,,,
pair_005170,negative,None,,,,
pair_005171,negative,None,,,,
pair_005172,negative,None,,,,
pair_005173,negative,None,,,,
pair_005174,negative,None,,,,
pair_005175,negative,None,,,,
pair_005176,negative,None,,,,
pair_005177,negative,None,,,,
pair_005178,negative,None,,,,
pair_005179,negative,None,,,,
pair_005180,negative,None,,,,
pair_005181,negative,None,,,,
pair_005182,negative,None,,,,
pair_005183,negative,None,,,,
pair_005184,negative,None,,,,
pair_005185,negative,None,,,,
pair_005186,negative,None,,,,
pair_005187,negative,None,,,,
pair_005188,negative,None,,,,
pair_005189,negative,None,,,,
pair_005190,negative,None,,,,
pair_005191,negative,None,,,,
pair_005192,negative,None,,,,
pair_005193,negative,None,,,,
pair_005194,negative,None,,,,
pair_005195,negative,None,,,,
pair_005196,negative,None,,,,
pair_005197,negative,None,,,,
pair_005198,negative,None,,,,
pair_005199,negative,None,,,,
pair_005200,negative,None,,,,
pair_005201,negative,None,,,,
pair_005202,negative,None,,,,
pair_005203,negative,None,,,,
pair_005204,negative,None,,,,
pair_005205,negative,None,,,,
pair_005206,negative,None,,,,
pair_005207,negative,None,,,,
pair_005208,negative,None,,,,
pair_005209,negative,None,,,,
pair_005210,negative,None,,,,
pair_005211,negative,None,,,,
pair_005212,negative,None,,,,
pair_005213,negative,None,,,,
pair_005214,negative,None,,,,
pair_005215,negative,None,,,,
pair_005216,negative,None,,,,
pair_005217,negative,None,,,,
pair_005218,negative,None,,,,
pair_005219,negative,None,,,,
pair_005220,negative,None,,,,
pair_005221,negative,None,,,,
pair_005222,negative,None,,,,
pair_005223,negative,None,,,,
pair_005224,negative,None,,,,
pair_005225,negative,None,,,,
pair_005226,negative,None,,,,
pair_005227,negative,None,,,,
pair_005228,negative,None,,,,
pair_005229,negative,None,,,,
pair_005230,negative,None,,,,
pair_005231,negative,None,,,,
pair_005232,negative,None,,,,
pair_005233,negative,None,,,,
pair_005234,negative,None,,,,
pair_005235,negative,None,,,,
pair_005236,negative,None,,,,
pair_005237,negative,None,,,,
pair_005238,negative,None,,,,
pair_005239,negative,None,,,,
pair_005240,negative,None,,,,
pair_005241,negative,None,,,,
pair_005242,negative,None,,,,
pair_005243,negative,None,,,,
pair_005244,negative,None,,,,
pair_005245,negative,None,,,,
pair_005246,negative,None,,,,
pair_005247,negative,None,,,,
pair_005248,negative,None,,,,
pair_005249,negative,None,,,,
pair_005250,negative,None,,,,
pair_005251,negative,None,,,,
pair_005252,negative,None,,,,
pair_005253,negative,None,,,,
pair_005254,negative,None,,,,
pair_005255,negative,None,,,,
pair_005256,negative,None,,,,
pair_005257,negative,None,,,,
pair_005258,negative,None,,,,
pair_005259,negative,None,,,,
pair_005260,negative,None,,,,
pair_005261,negative,None,,,,
pair_005262,negative,None,,,,
pair_005263,negative,None,,,,
pair_005264,negative,None,,,,
pair_005265,negative,None,,,,
pair_005266,negative,None,,,,
pair_005267,negative,None,,,,
pair_005268,negative,None,,,,
pair_005269,negative,None,,,,
pair_005270,negative,None,,,,
pair_005271,negative,None,,,,
pair_005272,negative,None,,,,
pair_005273,negative,None,,,,
pair_005274,negative,None,,,,
pair_005275,negative,None,,,,
pair_005276,negative,None,,,,
pair_005277,negative,None,,,,
pair_005278,negative,None,,,,
pair_005279,negative,None,,,,
pair_005280,negative,None,,,,
pair_005281,negative,None,,,,
pair_005282,negative,None,,,,
pair_005283,negative,None,,,,
pair_005284,negative,None,,,,
pair_005285,negative,None,,,,
pair_005286,negative,None,,,,
pair_005287,negative,None,,,,
pair_005288,negative,None,,,,
pair_005289,negative,None,,,,
pair_005290,negative,None,,,,
pair_005291,negative,None,,,,
pair_005292,negative,None,,,,
pair_005293,negative,None,,,,
pair_005294,negative,None,,,,
pair_005295,negative,None,,,,
pair_005296,negative,None,,,,
pair_005297,negative,None,,,,
pair_005298,negative,None,,,,
pair_005299,negative,None,,,,
pair_005300,negative,None,,,,
pair_005301,negative,None,,,,
pair_005302,negative,None,,,,
pair_005303,negative,None,,,,
pair_005304,negative,None,,,,
pair_005305,negative,None,,,,
pair_005306,negative,None,,,,
pair_005307,negative,None,,,,
pair_005308,negative,None,,,,
pair_005309,negative,None,,,,
pair_005310,negative,None,,,,
pair_005311,negative,None,,,,
pair_005312,negative,None,,,,
pair_005313,negative,None,,,,
pair_005314,negative,None,,,,
pair_005315,negative,None,,,,
pair_005316,negative,None,,,,
pair_005317,negative,None,,,,
pair_005318,negative,None,,,,
pair_005319,negative,None,,,,
pair_005320,negative,None,,,,
pair_005321,negative,None,,,,
pair_005322,negative,None,,,,
pair_005323,negative,None,,,,
pair_005324,negative,None,,,,
pair_005325,negative,None,,,,
pair_005326,negative,None,,,,
pair_005327,negative,None,,,,
pair_005328,negative,None,,,,
pair_005329,negative,None,,,,
pair_005330,negative,None,,,,
pair_005331,negative,None,,,,
pair_005332,negative,None,,,,
pair_005333,negative,None,,,,
pair_005334,negative,None,,,,
pair_005335,negative,None,,,,
pair_005336,negative,None,,,,
pair_005337,negative,None,,,,
pair_005338,negative,None,,,,
pair_005339,negative,None,,,,
pair_005340,negative,None,,,,
pair_005341,negative,None,,,,
pair_005342,negative,None,,,,
pair_005343,negative,None,,,,
pair_005344,negative,None,,,,
pair_005345,negative,None,,,,
pair_005346,negative,None,,,,
pair_005347,negative,None,,,,
pair_005348,negative,None,,,,
pair_005349,negative,None,,,,
pair_005350,negative,None,,,,
pair_005351,negative,None,,,,
pair_005352,negative,None,,,,
pair_005353,negative,None,,,,
pair_005354,negative,None,,,,
pair_005355,negative,None,,,,
pair_005356,negative,None,,,,
pair_005357,negative,None,,,,
pair_005358,negative,None,,,,
pair_005359,negative,None,,,,
pair_005360,negative,None,,,,
pair_005361,negative,None,,,,
pair_005362,negative,None,,,,
pair_005363,negative,None,,,,
pair_005364,negative,None,,,,
pair_005365,negative,None,,,,
pair_005366,negative,None,,,,
pair_005367,negative,None,,,,
pair_005368,negative,None,,,,
pair_005369,negative,None,,,,
pair_005370,negative,None,,,,
pair_005371,negative,None,,,,
pair_005372,negative,None,,,,
pair_005373,negative,None,,,,
pair_005374,negative,None,,,,
pair_005375,negative,None,,,,
pair_005376,negative,None,,,,
pair_005377,negative,None,,,,
pair_005378,negative,None,,,,
pair_005379,negative,None,,,,
pair_005380,negative,None,,,,
pair_005381,negative,None,,,,
pair_005382,negative,None,,,,
pair_005383,negative,None,,,,
pair_005384,negative,None,,,,
pair_005385,negative,None,,,,
pair_005386,negative,None,,,,
pair_005387,negative,None,,,,
pair_005388,negative,None,,,,
pair_005389,negative,None,,,,
pair_005390,negative,None,,,,
pair_005391,negative,None,,,,
pair_005392,negative,None,,,,
pair_005393,negative,None,,,,
pair_005394,negative,None,,,,
pair_005395,negative,None,,,,
pair_005396,negative,None,,,,
pair_005397,negative,None,,,,
pair_005398,negative,None,,,,
pair_005399,negative,None,,,,
pair_005400,negative,None,,,,
pair_005401,negative,None,,,,
pair_005402,negative,None,,,,
pair_005403,negative,None,,,,
pair_005404,negative,None,,,,
pair_005405,negative,None,,,,
pair_005406,negative,None,,,,
pair_005407,negative,None,,,,
pair_005408,negative,None,,,,
pair_005409,negative,None,,,,
pair_005410,negative,None,,,,
pair_005411,negative,None,,,,
pair_005412,negative,None,,,,
pair_005413,negative,None,,,,
pair_005414,negative,None,,,,
pair_005415,negative,None,,,,
pair_005416,negative,None,,,,
pair_005417,negative,None,,,,
pair_005418,negative,None,,,,
pair_005419,negative,None,,,,
pair_005420,negative,None,,,,
pair_005421,negative,None,,,,
pair_005422,negative,None,,,,
pair_005423,negative,None,,,,
pair_005424,negative,None,,,,
pair_005425,negative,None,,,,
pair_005426,negative,None,,,,
pair_005427,negative,None,,,,
pair_005428,negative,None,,,,
pair_005429,negative,None,,,,
pair_005430,negative,None,,,,
pair_005431,negative,None,,,,
pair_005432,negative,None,,,,
pair_005433,negative,None,,,,
pair_005434,negative,None,,,,
pair_005435,negative,None,,,,
pair_005436,negative,None,,,,
pair_005437,negative,None,,,,
pair_005438,negative,None,,,,
pair_005439,negative,None,,,,
pair_005440,negative,None,,,,
pair_005441,negative,None,,,,
pair_005442,negative,None,,,,
pair_005443,negative,None,,,,
pair_005444,negative,None,,,,
pair_005445,negative,None,,,,
pair_005446,negative,None,,,,
pair_005447,negative,None,,,,
pair_005448,negative,None,,,,
pair_005449,negative,None,,,,
pair_005450,negative,None,,,,
pair_005451,negative,None,,,,
pair_005452,negative,None,,,,
pair_005453,negative,None,,,,
pair_005454,negative,None,,,,
pair_005455,negative,None,,,,
pair_005456,negative,None,,,,
pair_005457,negative,None,,,,
pair_005458,negative,None,,,,
pair_005459,negative,None,,,,
pair_005460,negative,None,,,,
pair_005461,negative,None,,,,
pair_005462,negative,None,,,,
pair_005463,negative,None,,,,
pair_005464,negative,None,,,,
pair_005465,negative,None,,,,
pair_005466,negative,None,,,,
pair_005467,negative,None,,,,
pair_005468,negative,None,,,,
pair_005469,negative,None,,,,
pair_005470,negative,None,,,,
pair_005471,negative,None,,,,
pair_005472,negative,None,,,,
pair_005473,negative,None,,,,
pair_005474,negative,None,,,,
pair_005475,negative,None,,,,
pair_005476,negative,None,,,,
pair_005477,negative,None,,,,
pair_005478,negative,None,,,,
pair_005479,negative,None,,,,
pair_005480,negative,None,,,,
pair_005481,negative,None,,,,
pair_005482,negative,None,,,,
pair_005483,negative,None,,,,
pair_005484,negative,None,,,,
pair_005485,negative,None,,,,
pair_005486,negative,None,,,,
pair_005487,negative,None,,,,
pair_005488,negative,None,,,,
pair_005489,negative,None,,,,
pair_005490,negative,None,,,,
pair_005491,negative,None,,,,
pair_005492,negative,None,,,,
pair_005493,negative,None,,,,
pair_005494,negative,None,,,,
pair_005495,negative,None,,,,
pair_005496,negative,None,,,,
pair_005497,negative,None,,,,
pair_005498,negative,None,,,,
pair_005499,negative,None,,,,
pair_005500,negative,None,,,,
pair_005501,negative,None,,,,
pair_005502,negative,None,,,,
pair_005503,negative,None,,,,
pair_005504,negative,None,,,,
pair_005505,negative,None,,,,
pair_005506,negative,None,,,,
pair_005507,negative,None,,,,
pair_005508,negative,None,,,,
pair_005509,negative,None,,,,
pair_005510,negative,None,,,,
pair_005511,negative,None,,,,
pair_005512,negative,None,,,,
pair_005513,negative,None,,,,
pair_005514,negative,None,,,,
pair_005515,negative,None,,,,
pair_005516,negative,None,,,,
pair_005517,negative,None,,,,
pair_005518,negative,None,,,,
pair_005519,negative,None,,,,
pair_005520,negative,None,,,,
pair_005521,negative,None,,,,
pair_005522,negative,None,,,,
pair_005523,negative,None,,,,
pair_005524,negative,None,,,,
pair_005525,negative,None,,,,
pair_005526,negative,None,,,,
pair_005527,negative,None,,,,
pair_005528,negative,None,,,,
pair_005529,negative,None,,,,
pair_005530,negative,None,,,,
pair_005531,negative,None,,,,
pair_005532,negative,None,,,,
pair_005533,negative,None,,,,
pair_005534,negative,None,,,,
pair_005535,negative,None,,,,
pair_005536,negative,None,,,,
pair_005537,negative,None,,,,
pair_005538,negative,None,,,,
pair_005539,negative,None,,,,
pair_005540,negative,None,,,,
pair_005541,negative,None,,,,
pair_005542,negative,None,,,,
pair_005543,negative,None,,,,
pair_005544,negative,None,,,,
pair_005545,negative,None,,,,
pair_005546,negative,None,,,,
pair_005547,negative,None,,,,
pair_005548,negative,None,,,,
pair_005549,negative,None,,,,
pair_005550,negative,None,,,,
pair_005551,negative,None,,,,
pair_005552,negative,None,,,,
pair_005553,negative,None,,,,
pair_005554,negative,None,,,,
pair_005555,negative,None,,,,
pair_005556,negative,None,,,,
pair_005557,negative,None,,,,
pair_005558,negative,None,,,,
pair_005559,negative,None,,,,
pair_005560,negative,None,,,,
pair_005561,negative,None,,,,
pair_005562,negative,None,,,,
pair_005563,negative,None,,,,
pair_005564,negative,None,,,,
pair_005565,negative,None,,,,
pair_005566,negative,None,,,,
pair_005567,negative,None,,,,
pair_005568,negative,None,,,,
pair_005569,negative,None,,,,
pair_005570,negative,None,,,,
pair_005571,negative,None,,,,
pair_005572,negative,None,,,,
pair_005573,negative,None,,,,
pair_005574,negative,None,,,,
pair_005575,negative,None,,,,
pair_005576,negative,None,,,,
pair_005577,negative,None,,,,
pair_005578,negative,None,,,,
pair_005579,negative,None,,,,
pair_005580,negative,None,,,,
pair_005581,negative,None,,,,
pair_005582,negative,None,,,,
pair_005583,negative,None,,,,
pair_005584,negative,None,,,,
pair_005585,negative,None,,,,
pair_005586,negative,None,,,,
pair_005587,negative,None,,,,
pair_005588,negative,None,,,,
pair_005589,negative,None,,,,
pair_005590,negative,None,,,,
pair_005591,negative,None,,,,
pair_005592,negative,None,,,,
pair_005593,negative,None,,,,
pair_005594,negative,None,,,,
pair_005595,negative,None,,,,
pair_005596,negative,None,,,,
pair_005597,negative,None,,,,
pair_005598,negative,None,,,,
pair_005599,negative,None,,,,
pair_005600,negative,None,,,,
